Time (day),Injector1-Well Bottom-hole Pressure,Injector2-Well Bottom-hole Pressure
0.01044,1824.606934,1912.695557
0.018537,1868.640503,1972.987915
0.029872,1880.883789,1996.233276
0.054527,1899.986084,2054.076416
0.084388,1921.812012,2092.829102
0.134188,1947.504517,2146.008301
0.192962,1968.691406,2191.204834
0.282779,1992.441284,2240.664795
0.37001,2014.241699,2274.001953
0.479484,2034.924194,2308.484375
0.611606,2055.473877,2336.322998
0.738832,2069.897461,2357.715576
0.869416,2082.423096,2375.208008
1,2092.555664,2390.121338
1.146153,2101.568848,2401.901123
1.284004,2108.648926,2412.614502
1.453954,2115.415039,2423.935059
1.649457,2121.140137,2437.274414
1.824728,2125.773682,2445.712891
2,2129.309326,2455.270508
2.216108,2132.134033,2464.380127
2.454608,2134.213379,2473.602539
2.727304,2135.906494,2482.529541
3,2136.680664,2488.952148
3.344356,2136.009277,2493.707764
3.672178,2133.611084,2496.257324
4,2129.935791,2498.088623
4.399144,2125.0354,2501.578613
4.699572,2120.938232,2504
5,2116.650879,2506.095947
5.410689,2111.925781,2510.175293
5.705345,2108.564209,2513.433594
6,2105.047607,2516.734131
6.409396,2099.709961,2521.264648
6.704698,2095.599609,2524.598633
7,2090.66333,2525.375488
7.343658,2084.866943,2525.121094
7.671829,2079.23999,2523.887695
8,2073.490723,2521.759033
8.48825,2065.116699,2518.376709
9,2056.634522,2514.819824
9.5,2048.812744,2510.78125
10,2041.571289,2506.431152
10.5,2034.941406,2501.907715
11,2028.756836,2497.131348
11.5,2022.990479,2492.378174
12,2017.359619,2487.601318
12.5,2011.912109,2483.02832
13,2006.286865,2478.592529
13.5,2000.442871,2474.312256
14,1994.511719,2470.245117
14.5,1988.328857,2466.247559
15,1982.192505,2462.43457
15.5,1976.179443,2458.781982
16,1970.291016,2455.257568
16.5,1964.560059,2451.886963
17,1959.108276,2448.650391
17.5,1953.769653,2445.563721
18,1948.664063,2442.614258
18.5,1943.724976,2439.785645
19,1938.942749,2437.061768
19.5,1934.545166,2434.406006
20,1930.439453,2431.832764
20.5,1926.647949,2429.319092
21,1923.165161,2426.882568
21.5,1919.941284,2424.466553
22,1916.992554,2422.101807
22.5,1914.20752,2419.744385
23,1911.719238,2417.427002
23.5,1909.405029,2415.144043
24,1907.367554,2412.915283
24.5,1905.561279,2410.736816
25,1904.010986,2408.591553
25.5,1902.637573,2406.469971
26,1901.473267,2404.385742
26.5,1900.479858,2402.339111
27,1899.744629,2400.33252
27.5,1899.206543,2398.368164
28,1898.767334,2396.440186
28.5,1898.484131,2394.554199
29,1898.307007,2392.680908
29.5,1898.318604,2390.845703
30,1898.497559,2389.020996
30.5,1899.001221,2387.219971
31,1899.75354,2385.445801
31.5,1900.709106,2383.695068
32,1901.789795,2381.969482
32.5,1902.880493,2380.265869
33,1904.004639,2378.601318
33.5,1905.081543,2376.959961
34,1906.126221,2375.340332
34.490158,1907.161865,2373.771973
34.745079,1907.715454,2372.936279
35,1908.262451,2372.133789
35.486351,1909.313355,2370.65625
36,1910.586792,2369.089111
36.5,1911.904785,2367.585449
37,1913.217773,2366.112549
37.5,1914.4021,2364.665039
38,1915.471802,2363.243897
39,1917.143921,2360.533936
40,1918.406982,2357.927246
41,1919.213989,2355.428955
42,1919.725098,2353.050537
43,1920.028198,2350.781494
44,1920.1604,2348.620361
45,1920.125,2346.547852
46,1919.927368,2344.593262
47,1919.605103,2342.724365
48,1919.192627,2340.94751
49,1918.78772,2339.265381
50,1918.255493,2337.648438
51,1917.724609,2336.096191
52,1917.14148,2334.603272
53,1916.477417,2333.173096
54,1915.741333,2331.791992
55,1914.905029,2330.459961
56,1914.02124,2329.174316
57,1913.107056,2327.929688
58,1912.162231,2326.718262
59,1911.157593,2325.544922
60,1910.157715,2324.414063
61,1909.143921,2323.309815
62,1908.128052,2322.238037
63,1907.103149,2321.187256
64,1906.062622,2320.161865
65,1905.053589,2319.162354
66,1904.020996,2318.184326
67,1902.980347,2317.229492
68,1901.955566,2316.290039
69,1900.928955,2315.367432
70,1899.90686,2314.462402
71,1898.914307,2313.569336
72,1897.90625,2312.693359
73,1845.10791,2311.779297
74,1830.366699,2310.81665
75,1821.123291,2309.779297
76,1814.150879,2308.63794
77,1808.428833,2307.399902
78,1803.512329,2306.062012
79,1799.166138,2304.622559
80,1795.251709,2303.090088
81,1791.670044,2301.473389
82,1788.355347,2299.772217
83,1785.260254,2298.008545
84,1782.348755,2296.178711
85,1779.601563,2294.28418
86,1776.989746,2292.342041
87,1774.494995,2290.355713
88,1772.103882,2288.331299
89,1769.802246,2286.274414
90,1767.576172,2284.190186
91,1765.418823,2282.081299
92,1763.323364,2279.95874
93,1761.281006,2277.814209
94,1759.283325,2275.654785
95,1757.322998,2273.488037
96,1755.398193,2271.31958
97,1753.51294,2269.140625
98,1751.654907,2266.964844
99,1749.832642,2264.784668
100,1748.03479,2262.605469
101,1746.25769,2260.428467
102,1744.503052,2258.255859
103,1742.769287,2256.087647
104,1741.057495,2253.924316
105,1739.367188,2251.768066
106,1737.697266,2249.619385
107,1736.043335,2247.479492
108,1734.405273,2245.349609
109,1732.783936,2243.230469
110,1731.178345,2241.121826
111,1729.587647,2239.023438
112,1728.011231,2236.937012
113,1726.447632,2234.862549
114,1724.895874,2232.801758
115,1723.35669,2230.753174
116,1721.830322,2228.717529
117,1720.31604,2226.696045
118,1718.815064,2224.688477
119,1717.32605,2222.694336
120,1715.848267,2220.712891
121,1714.380493,2218.744385
122,1712.927612,2216.785889
123,1711.485596,2214.8396
124,1710.055664,2212.905518
125,1708.638916,2210.983887
126,1707.234131,2209.075195
127,1705.840332,2207.178955
128,1704.458496,2205.293945
129,1703.088745,2203.420654
130,1701.730225,2201.558594
131,1700.382935,2199.70874
132,1699.048706,2197.87085
133,1697.725342,2196.04419
134,1696.414429,2194.229004
135,1695.115967,2192.42627
136,1693.831787,2190.635498
137,1692.559937,2188.85669
138,1691.299439,2187.089356
139,1690.049561,2185.334961
140,1688.810181,2183.592041
141,1687.580444,2181.859863
142,1686.36084,2180.13794
143,1685.151001,2178.42749
144,1683.951538,2176.724854
145,1682.761108,2175.033936
146,1681.581177,2173.351563
147,1680.411133,2171.682617
148,1679.250855,2170.02124
149,1678.100098,2168.371582
150,1676.958496,2166.734863
151,1675.82666,2165.109375
152,1674.703857,2163.495361
153,1673.590698,2161.898438
154,1672.487183,2160.312256
155,1671.393066,2158.734863
156,1670.308594,2157.171143
157,1669.233154,2155.615967
158,1668.166992,2154.073242
159,1667.11084,2152.543213
160,1666.0625,2151.027344
161,1665.022339,2149.526611
162,1663.989746,2148.033691
163,1662.96521,2146.557861
164,1661.94812,2145.087158
165,1660.938355,2143.633789
166,1659.935913,2142.18457
167,1658.940674,2140.752686
168,1657.952515,2139.330322
169,1656.971924,2137.913086
170,1655.997925,2136.511475
171,1655.031982,2135.114746
172,1654.073731,2133.726563
173,1653.122681,2132.35083
174,1652.179932,2130.983154
175,1651.244995,2129.626465
176,1650.315308,2128.280762
177,1649.394775,2126.940918
178,1648.482544,2125.614014
179,1647.580322,2124.287354
180,1646.683716,2122.972412
181,1645.795776,2121.671631
182,1644.914185,2120.375488
183,1644.03894,2119.09375
184,1643.17041,2117.819824
185,1642.307739,2116.560547
186,1641.450928,2115.304688
187,1640.599976,2114.074707
188,1639.754273,2112.852783
189,1638.915772,2111.639648
190,1638.07959,2110.450928
191,1637.251587,2109.260986
192,1636.425781,2108.092773
193,1635.605835,2106.932617
194,1634.790039,2105.780762
195,1633.978882,2104.644043
196,1633.171143,2103.513672
197,1632.369629,2102.399902
198,1631.574341,2101.294922
199,1630.787598,2100.198486
200,1630.005005,2099.118897
201,1629.229614,2098.05127
202,1628.460327,2096.989746
203,1627.697998,2095.940186
204,1626.942139,2094.899902
205,1626.192871,2093.869629
206,1625.450684,2092.846924
207,1624.715332,2091.833252
208,1623.98645,2090.828613
209,1623.264282,2089.832275
210,1622.550293,2088.843262
211,1621.840332,2087.863281
211.95833,1621.166382,2086.928467
212,1665.145508,2086.882813
212.20835,1693.209595,2086.663574
213,1728.043457,2085.943848
214,1749.648193,2085.204834
215,1763.358154,2084.678711
216,1773.275024,2084.392334
217,1780.973145,2084.350586
218,1787.216309,2084.544678
219,1792.425049,2084.963379
220,1796.858887,2085.586426
221,1800.689209,2086.394775
222,1804.030396,2087.370117
223,1806.970459,2088.494385
224,1809.576416,2089.750977
225,1811.900269,2091.123291
226,1813.983398,2092.597412
227,1815.855713,2094.159424
228,1817.544434,2095.797363
229,1819.071167,2097.500244
230,1820.456055,2099.25708
231,1821.712769,2101.058838
232,1822.855103,2102.896729
233,1823.893921,2104.763916
234,1824.839966,2106.656494
235,1825.702881,2108.564941
236,1826.48938,2110.486816
237,1827.207153,2112.414063
238,1827.861816,2114.341553
239,1828.458984,2116.265869
240,1829.00354,2118.183106
241,1829.5,2120.090088
242,1829.951538,2121.984131
243,1829.91333,1317.024536
243.479165,1829.710205,1200
243.95833,1829.320313,1200
244,1829.276611,1200
244.20835,1829.022827,1200
245,1827.454834,1200
245.5,1826.058106,1200
246,1824.498169,1200
247,1820.489624,1200
248,1815.512451,1200
249,1810.282349,1200
250,1804.712524,1200
251,1798.974121,1200
252,1793.190064,1200
253,1787.44519,1200
254,1781.800049,1200
255,1776.307617,1200
256,1770.997192,1200
257,1765.884766,1200
258,1760.992188,1200
259,1756.317261,1200
260,1751.876587,1200
261,1747.655151,1200
262,1743.654419,1200
263,1739.866211,1195.947632
264,1736.289185,1193.147095
265,1732.903687,1190.498779
266,1729.709839,1187.955566
267,1726.695923,1185.515381
268,1723.8302,1183.179321
269,1721.132935,1180.949341
270,1718.572876,1178.821655
271,1716.141846,1176.79419
272,1713.836182,1174.866089
273,1711.655762,1173.030518
274,1709.567261,1171.283081
275,1707.583008,1169.621582
276,1705.6875,1168.04187
277,1703.891602,1166.54187
278,1702.186523,1165.115234
279,1700.565796,1163.759155
280,1699.020996,1162.469849
281,1697.541016,1161.244507
282,1696.149902,1160.079956
283,1694.838501,1158.971191
284,1693.588623,1157.915527
285,1692.403076,1156.910034
286,1691.27063,1155.95166
287,1690.184937,1155.038452
288,1689.144043,1154.168335
289,1688.147217,1153.340454
290,1687.180176,1152.55127
291,1686.258911,1151.799927
292,1685.375,1151.083984
293,1684.517822,1150.401245
294,1683.698364,1149.751099
295,1682.904785,1149.130737
296,1682.143311,1148.539673
297,1681.403687,1147.97522
298,1680.703125,1147.437256
299,1680.02832,1146.922485
300,1679.380615,1146.430786
301,1678.760132,1145.960693
302,1678.171509,1145.511108
303,1677.604004,1145.080322
304,1677.059448,1144.667725
305,1676.542969,1144.272217
306,1676.043335,1143.892334
307,1675.565308,1143.527832
308,1675.112305,1143.177612
309,1674.690796,1142.840088
310,1674.284546,1142.514648
311,1673.897339,1142.201294
312,1673.511353,1141.899292
313,1673.131592,1141.608765
314,1672.759399,1141.32959
315,1672.393555,1141.061768
316,1672.037354,1140.805054
317,1671.695435,1140.557495
318,1671.368042,1140.318237
319,1671.046387,1140.087524
320,1670.736572,1139.865601
321,1670.433594,1139.651367
322,1670.143433,1139.444702
323,1669.862915,1139.244873
324,1669.585815,1139.051148
325,1669.311157,1138.863403
326,1669.037598,1138.681274
327,1668.771973,1138.504883
328,1668.511963,1138.333252
329,1668.251099,1138.166382
330,1667.988281,1138.004639
331,1667.735352,1137.847534
332,1667.479004,1137.693726
333,1667.21875,1137.54419
334,1666.891968,1000
335,1666.507813,1000
336,1665.930298,964.4234619
337,1665.235962,956.2843628
338,1664.43811,951.9174194
339,1663.581055,949.0980225
340,1662.670532,947.1704712
341,1661.736328,945.8092041
342,1660.791382,944.8307495
343,1659.854858,944.1177368
344,1658.94458,943.5924683
345,1658.060669,943.2021484
346,1657.212647,942.9105835
347,1656.417236,942.6877441
348,1655.637329,942.5290527
349,1654.895264,942.4089966
350,1654.190186,942.3175049
351,1653.522583,942.2511597
352,1652.889038,942.2051392
353,1652.287598,942.1730347
354,1651.711304,942.15448
355,1651.160889,942.1453247
356,1650.633667,942.1409912
357,1650.128662,942.1433716
358,1649.646851,942.1486816
359,1649.185791,942.1567993
360,1648.744751,942.1667481
361,1648.323242,942.177124
362,1647.916138,942.1881714
363,1647.526001,942.2002564
364,1647.151733,942.2128296
364.95834,1646.803833,942.2241211
365,1500,942.2233276
365.135179,1500,942.2225342
365.56759,1500,942.2235107
366,1500,942.2094727
367,1500,942.0681763
368,1500,941.8084106
369,1485.646484,941.4523926
370,1477.520996,941.0296021
371,1470.895508,940.557312
372,1465.256714,940.0507813
373,1460.355957,939.5229492
374,1456.036987,938.9837036
375,1452.189819,938.4377441
376,1448.733398,937.8945923
377,1445.606079,937.3590088
378,1442.760742,936.8356323
379,1440.160645,936.326294
380,1437.775024,935.8327026
381,1435.578369,935.3560181
382,1433.549927,934.8964844
383,1431.671631,934.454834
384,1429.928955,934.0309448
385,1428.309326,933.6244507
386,1426.801636,933.2347412
387,1425.395508,932.8616943
388,1424.082153,932.5039063
389,1422.853638,932.1616821
390,1421.703491,931.8344116
391,1420.62561,931.5214233
392,1419.61438,931.2219849
393,1418.664429,930.9353027
394,1417.771484,930.6612549
395,1416.930908,930.3990479
396,1416.139282,930.1478882
397,1415.392944,929.9074707
398,1414.689209,929.6765747
399,1414.024536,929.4556274
400,1413.395874,929.2441406
401,1412.80188,929.0409546
402,1412.23877,928.8466187
403,1411.704346,928.6602173
404,1411.196533,928.4813843
405,1410.714111,928.309082
406,1410.255127,928.1438599
407,1409.817627,927.9851685
408,1409.400269,927.8326416
409,1409.001465,927.685791
410,1408.620606,927.5440064
411,1408.255737,927.4075928
412,1407.906006,927.2761231
413,1407.570679,927.1495361
414,1407.249023,927.0269165
415,1406.939819,926.9085083
416,1406.641846,926.7940674
417,1406.355225,926.6833496
418,1406.078491,926.5761719
419,1405.811279,926.4725952
420,1405.552979,926.3721314
421,1405.303101,926.2746582
422,1405.061035,926.1803589
423,1404.826416,926.088562
424,1404.598877,925.9992676
425,1404.377808,925.9126587
426,1404.16272,925.8283081
427,1403.952881,925.7460938
428,1403.748413,925.6659546
429,1403.549072,925.5875244
430,1403.354248,925.5109863
431,1403.163452,925.4360352
432,1402.976685,925.3627319
433,1402.794067,925.2909546
434,1402.615112,925.2205811
435,1402.439575,925.1515503
436,1753.844971,925.2208862
437,1845.778565,925.5585938
438,1900.985107,926.2502441
439,1940.289673,927.2687378
440,1970.545166,928.5603638
441,1994.913208,930.0631104
442,2015.143189,931.7182617
443,2032.292481,933.4760132
444,2047.074951,935.2971802
445,2060.805908,937.1514893
446,2073.572998,939.0137329
447,2085.421875,940.8722534
448,2096.476318,942.7178345
449,2106.838623,944.5421753
450,2116.579834,946.3341675
451,2125.757568,948.0839844
452,2134.42334,949.7835693
453,2142.616699,951.4345703
454,2150.375244,953.034729
455,2157.727783,954.588501
456,2164.698731,956.0961304
457,2171.312012,957.5587769
458,2177.589356,958.9771729
459,2183.549805,960.3554077
460,2189.21167,961.690979
461,2194.591797,962.9891968
462,2199.704346,964.2519531
463,2204.563965,965.477478
464,2209.183838,966.6672363
465,2213.575684,967.8253784
466,2217.750244,968.9509888
467,2221.719971,970.0438232
468,2225.495117,971.0966187
469,2229.084961,972.1113281
470,2232.499268,973.0909424
471,2235.745606,974.0371094
472,2238.83252,974.9524536
473,2241.768066,975.8376465
474,2244.55957,976.6907349
475,2247.214844,977.5140381
476,2249.739014,978.310669
477,2252.138916,979.0829468
478,2254.420166,979.829773
479,2256.587891,980.5457153
480,2258.647217,981.234375
481,2260.604736,981.8981323
482,2262.466309,982.5388184
483,2264.234863,983.1596069
484,2265.91626,983.7598267
485,2267.383789,1048.323608
486,2268.932861,1060.54187
487,2270.508789,1067.952393
488,2272.061768,1073.315064
489,2273.598877,1077.606079
490,2275.124268,1081.224487
491,2276.634033,1084.374878
492,2278.121094,1087.174316
493,2279.580078,1089.694824
494,2281.009033,1091.986084
495,2282.402344,1094.084473
496,2283.754883,1096.014038
497,2285.065918,1097.797607
498,1541.542114,1099.223633
498.5,1405.991333,1099.533691
499,1313.43396,1099.593262
500,1184.548096,1098.25415
501,1089.980225,1095.384277
502,1016.545227,1091.125488
503,1000,1085.644287
503.95834,1000,1079.747315
504,1000,1079.464356
504.2083,1000,1078.073853
505,1000,1072.552368
506,1000,1065.139893
507,1000,1057.275147
508,1000,1051.272705
509,1000,1046.29541
510,1000,1041.96167
511,1000,1038.073242
512,1000,1034.534302
513,1000,1031.285034
514,1000,1028.287231
515,1000,1025.506348
516,1000,1022.921265
517,1000,1020.514099
518,1000,1018.269959
519,1000,1016.172058
520,1000,1014.214111
521,1000,1012.375122
522,1000,1010.65155
523,1000,1009.033264
524,1000,1007.51416
525,1000,1006.079834
526,1000,1004.720459
527,1000,1003.42981
528,1000,1002.202881
529,1000,1001.036438
530,1000,999.9259033
531,1000,998.8613892
532,1000,997.8436279
533,1000,996.8690186
534,1000,995.9370728
535,1000,995.0440674
536,1000,994.1870117
537,1000,993.3660278
538,1000,992.5784302
539,1000,991.8208008
540,1000,991.0927124
541,1000,990.3909912
542,1000,989.7092896
543,1000,989.050293
544,1000,988.4117432
545,1000,987.7928467
545.95834,1000,987.2172241
547,1000,986.6134033
548,1000,986.0510254
549,1000,985.5065308
550,1000,984.9770508
551,1000,984.4623413
552,1000,983.9625855
553,1000,983.4771729
554,1000,983.0041504
555,1000,982.5432739
556,1000,982.0936279
557,1000,981.6551514
558,1000,981.2277832
559,1000,980.807251
560,1000,980.3961792
561,1000,979.9940186
562,1000,979.6013794
563,1000,979.2180786
564,1000,978.8430176
565,1000,978.4772339
566,1000,978.119751
567,1000,977.7703247
568,1000,977.4283447
569,1000,977.0943604
570,1000,976.7681885
571,1000,976.4497681
572,1000,976.1385498
573,1000,975.8343506
574,1000,975.5371094
575,1000,975.246582
576,1000,974.9626465
577,1000,974.6849976
578,1000,974.4138184
579,1000,974.1484375
580,1000,973.8880615
581,1000,973.6326294
582,1000,973.3822022
583,1000,973.1365967
584,1000,972.8960571
585,1000,972.6604614
586,1000,972.4297485
587,1000,972.2036743
588,1000,971.9819946
589,1000,971.7649536
590,1000,971.5523071
591,1000,971.3440552
592,1000,971.1398926
593,1000,970.9396973
594,1000,970.7435913
595,1000,970.5513916
596,1000,970.362915
597,1000,970.1785889
598,1000,969.9976196
599,1000,969.8201294
600,1000,969.6461792
601,1000,969.4753418
602,1000,969.3076172
603,1000,969.1428833
604,1000,968.9815064
605,1000,968.8231812
606,1000,968.6677246
607,1000,968.5150757
608,1000,968.3652344
609,1000,968.2180786
610,1000,968.0736084
611,1000,967.9311523
612,1000,967.7909546
613,1000,967.6529541
614,1000,967.5172119
615,1000,967.383667
616,1000,967.2521973
617,1000,967.1228027
618,1000,966.9954834
619,1000,966.8702393
620,1000,966.7468872
621,1000,966.6254273
622,1000,966.5057983
623,1000,966.3881226
624,1000,966.2721558
625,1000,966.1578369
626,1000,966.045044
627,1000,965.9338379
628,1000,965.8241577
629,1000,965.7161255
630,1000,965.6095581
631,1000,965.5045166
632,1000,965.4009399
633,1000,965.2987671
634,1000,965.1979981
635,1000,965.0985718
636,1000,965.0004883
637,1000,964.9036865
638,1000,964.8080444
639,1000,964.7136841
640,1000,964.6206055
641,1000,964.5287476
642,1000,964.4381104
643,1000,964.3486939
644,1000,964.260376
645,1000,964.1732178
646,1000,964.0872192
647,1000,964.0022583
648,1000,963.9185181
649,1000,963.8356934
650,1000,963.7539673
651,1000,963.6732788
652,1000,963.593689
653,1000,963.5148926
654,1000,963.4371948
655,1000,963.3604126
656,1000,963.2844849
657,1000,902.0755615
658,1000,891.6860962
659,1000,887.5515747
660,1000,885.3583374
661,1000,884.0131226
662,1000,883.1148682
663,1000,882.4749756
664,1000,882.0009155
665,1000,881.6376343
666,1000,881.3546143
667,1000,881.1306152
668,1000,880.9505005
669,1000,880.8032837
670,1000,880.6835327
671,1000,880.5844727
672,1000,880.5025635
673,1000,880.4346924
674,1000,880.378418
675,1000,880.331665
676,1000,880.2928467
677,1000,880.2606201
678,1000,880.2340698
679,1000,880.2125244
680,1000,880.1950684
681,1000,880.1812134
682,1000,880.1705933
683,1000,880.1627808
684,1000,880.1573486
685,1000,880.1539917
686,1000,880.1524658
687,1000,880.1524048
688,1000,880.1535034
689,1000,880.1557007
690,1000,880.1588135
691,1000,880.1624146
692,1000,880.1668091
693,1000,880.1716309
694,1000,880.177124
695,1000,880.1832275
696,1000,880.1895142
697,1000,880.1960449
698,1000,880.2024536
699,1000,880.2088623
700,1000,880.2149658
701,1000,880.2207031
702,1000,880.2262573
703,1000,880.2311401
704,1000,880.2354736
705,1000,880.2391968
706,1000,880.2423706
707,1000,880.2448731
708,1000,880.2466431
709,1000,880.2476807
710,1000,880.2479248
711,1000,880.2474365
712,1000,880.2461548
713,1000,880.2440796
714,1000,880.2412109
715,1000,880.2374878
716,1000,880.2330322
717,1000,880.2277832
718,1000,880.2219849
719,1000,880.2154541
720,1000,880.2081909
721,1000,880.2004395
722,1000,880.1920776
723,1000,880.1832275
724,1000,880.1739502
725,1000,880.1641235
726,1000,880.1537476
727,1000,880.1428223
728,1000,880.1316528
729,1000,880.1199951
730,1188.412842,880.1584473
731,1238.307129,880.3658447
732,1268.889038,880.7469482
733,1290.76355,881.2888794
734,1307.581177,881.9597778
735,1321.067749,882.7269898
736,1332.209595,883.5591431
737,1341.613159,884.4332886
738,1349.689087,885.3276978
739,1356.721558,886.230835
740,1362.914429,887.128418
741,1368.417603,888.015625
742,1373.342651,888.8851929
743,1377.774536,889.7340698
744,1381.782471,890.5587769
745,1385.421265,891.3579712
746,1388.734131,892.132019
747,1391.759155,892.8804932
748,1394.528442,893.6050415
749,1397.068115,894.3062744
750,1399.400879,894.9832764
751,1401.546753,895.6307983
752,1403.522339,896.25354
753,1405.342651,896.850708
754,1407.02063,897.4244995
755,1408.568604,897.9776611
756,1409.837647,1207.348511
757,1411.501221,1266.789063
758,1413.45044,1299.317993
759,1415.445557,1321.927979
760,1417.647095,1339.495117
760.95834,1419.908691,1353.373901
761,1420.01294,1353.96936
761.2083,1420.522705,1356.850952
762,1422.495972,1366.378174
763,1425.008911,1376.71521
764,1427.554443,1385.72937
765,1430.095581,1393.652954
766,1432.606201,1400.658081
767,1435.065308,1406.881714
768,1437.457642,1412.427124
769,1439.772095,1417.375366
770,1442.000366,1421.798462
771,1444.137085,1425.754395
772,1446.178833,1429.293091
773,1448.124023,1432.45044
774,1449.972412,1435.269409
775,1451.725586,1437.787231
776,1453.384766,1440.03418
777,1454.952271,1442.037109
778,1456.430664,1443.821045
779,1457.82312,1445.408814
780,1459.132446,1446.820068
781,1460.362427,1448.073242
782,1461.51648,1449.185425
783,1462.5979,1450.171631
784,1463.610718,1451.045532
785,1464.557617,1451.819336
786,1465.442017,1452.503662
787,1466.266968,1453.108521
788,1467.036011,1453.642578
789,1467.752075,1454.114014
790,1468.418579,1454.529175
791,1469.037964,1454.894409
792,1469.613159,1455.215576
793,1470.147095,1455.496948
794,1470.642212,1455.743164
795,1471.10022,1455.957764
796,1471.523804,1456.144165
797,1471.915161,1456.305176
798,1472.276245,1456.443726
799,1472.609131,1456.56189
800,1472.915405,1456.661987
801,1473.197266,1456.745606
802,1473.454956,1456.814819
803,1473.691284,1456.870117
804,1473.90686,1456.913574
805,1474.104614,1456.945801
806,1474.283936,1456.968018
807,1474.44751,1456.980347
808,1474.596069,1456.984497
809,1474.730591,1456.981201
810,1474.850586,1456.971436
811,1474.957398,1456.955078
812,1475.052856,1456.932739
813,1475.136597,1456.905029
814,1475.209717,1456.872437
815,1475.27356,1456.835327
816,1475.328125,1456.79419
817,1475.374878,1456.749268
818,1475.414429,1456.701538
819,1475.446045,1456.650879
820,1475.470581,1456.597534
821,1475.488403,1456.541504
822,1475.50061,1456.483276
823,1475.50769,1456.423584
824,1475.511231,1456.361939
825,1475.51001,1456.29895
826,1475.505005,1456.234375
827,1475.49585,1456.168457
828,1475.483154,1456.101196
829,1475.467163,1456.032837
830,1475.447876,1455.963135
831,1475.425537,1455.892578
832,1475.399902,1455.821045
833,1475.371216,1455.748657
834,1475.339966,1455.675415
835,1475.306274,1455.601685
836,1475.270142,1455.5271
837,1475.23169,1455.451904
838,1475.191162,1455.376343
839,1475.14856,1455.300171
840,1475.104614,1455.224121
841,1475.058838,1455.147583
842,1475.011719,1455.070923
843,1474.963135,1454.994141
844,1474.913086,1454.917358
845,1474.861816,1454.840576
846,1474.809326,1454.76355
847,1474.755859,1454.686401
848,1474.701416,1454.609253
849,1474.645874,1454.531982
850,1474.589722,1454.45459
851,1474.533203,1454.377441
852,1474.47583,1454.300171
853,1474.417847,1454.2229
854,1474.359375,1454.145752
855,1474.300293,1454.068481
856,1474.240723,1453.991333
857,1474.180664,1453.914185
858,1474.119995,1453.836914
859,1474.059326,1453.759644
860,1473.997681,1453.682373
861,1449.042725,1453.594482
862,1442.404297,1453.464356
863,1438.356079,1453.289795
864,1435.449829,1453.072022
865,1433.202271,1452.81665
866,1431.384522,1452.53125
867,1429.869507,1452.222168
868,1428.577026,1451.89624
869,1427.454346,1451.558838
870,1426.464722,1451.214722
871,1425.582275,1450.866699
872,1424.787598,1450.517944
873,1424.066528,1450.170166
874,1423.408081,1449.825317
875,1422.803223,1449.484863
876,1422.245117,1449.149902
877,1421.727905,1448.821167
878,1421.246948,1448.498901
879,1420.798462,1448.183472
880,1420.379028,1447.874878
881,1419.986084,1447.572876
882,1419.617065,1447.277588
883,1419.27002,1446.989502
884,1418.942871,1446.707886
885,1418.634399,1446.432983
886,1418.342773,1446.164307
887,1418.066895,1445.901611
888,1417.80542,1445.64502
889,1417.557129,1445.394165
890,1417.321289,1445.148804
891,1417.074707,1317.837891
892,1416.669678,1288.099976
893,1416.096436,1271.006958
894,1415.368897,1258.598755
895,1414.503784,1248.741821
896,1413.530029,1240.561646
897,1412.477173,1233.612671
898,1411.37146,1227.621704
899,1410.234619,1222.410156
900,1409.08374,1217.842285
901,1407.93335,1213.821777
902,1406.794678,1210.269043
903,1405.675781,1207.121338
904,1404.583984,1204.328857
905,1403.524048,1201.847656
906,1402.499023,1199.639771
907,1401.511841,1197.674194
908,1400.563965,1195.922852
909,1399.656494,1194.362549
910,1398.789307,1192.972412
911,1397.962402,1191.733276
912,1397.175049,1190.629273
913,1396.426636,1189.646118
914,1395.716065,1188.770996
915,1395.041992,1187.992798
916,1394.403076,1187.300903
917,1393.797974,1186.685669
918,1393.225586,1186.139038
919,1392.684204,1185.653442
920,1392.172485,1185.221924
921,1391.689453,1184.836792
922,1391.233398,1184.494995
923,1390.802734,1184.19165
924,1390.39624,1183.922485
925,1390.012573,1183.68396
926,1389.650269,1183.473145
927,1389.308106,1183.286865
928,1388.985107,1183.122803
929,1388.680176,1182.97876
930,1388.39209,1182.852539
931,1388.119507,1182.741577
932,1387.861816,1182.645264
933,1387.617798,1182.561279
934,1387.386719,1182.488159
935,1387.168091,1182.424927
936,1386.960815,1182.370606
937,1386.764282,1182.323731
938,1386.577637,1182.283936
939,1386.400269,1182.250244
940,1386.231079,1182.221314
941,1386.069946,1182.197144
942,1385.916138,1182.17688
943,1385.769165,1182.159912
944,1385.62854,1182.146362
945,1385.49353,1182.135742
946,1385.364502,1182.127441
947,1385.240356,1182.121948
948,1385.12085,1182.118652
949,1385.005981,1182.116699
950,1384.895142,1182.116577
951,1384.788208,1182.118286
952,1384.684937,1182.12146
953,1384.584839,1182.125855
954,1384.487671,1182.131104
955,1384.393433,1182.137329
956,1384.30188,1182.144409
957,1384.212647,1182.1521
958,1384.12561,1182.160156
959,1384.040772,1182.168457
960,1383.95813,1182.17688
961,1383.877075,1182.185547
962,1383.797852,1182.194702
963,1383.719971,1182.203735
964,1383.643311,1182.212769
965,1383.568115,1182.221314
966,1383.493897,1182.229614
967,1383.420654,1182.237549
968,1383.348511,1182.245117
969,1383.277222,1182.252441
970,1383.207031,1182.259399
971,1383.137329,1182.265991
972,1383.068481,1182.271973
973,1383.000488,1182.277344
974,1382.932861,1182.282105
975,1382.865967,1182.286377
976,1382.799194,1182.290161
977,1382.733032,1182.293213
978,1382.667236,1182.295654
979,1382.601807,1182.297485
980,1382.536621,1182.298584
981,1382.471924,1182.299072
982,1382.407105,1182.299072
983,1382.342896,1182.298218
984,1382.278565,1182.296875
985,1382.214478,1182.295044
986,1382.150635,1182.292481
987,1382.086792,1182.289551
988,1382.023071,1182.286133
989,1381.959473,1182.282105
990,1381.895874,1182.27771
991,1381.832275,1182.272827
992,1381.768677,1182.267212
993,1381.705078,1182.261231
994,1381.64148,1182.254761
995,1381.577881,1182.248047
996,1381.514282,1182.240967
997,1381.450562,1182.233521
998,1381.386963,1182.225586
999,1381.323486,1182.217285
1000,1381.259766,1182.208618
