Time (day),Producer1-Liquid Rate SC,Producer2-Liquid Rate SC,Producer3-Liquid Rate SC,Producer4-Liquid Rate SC
0.01044,500,800,400,800
0.018537,500,800,400,800
0.029872,500,800,400,800
0.054527,500,800,400,800
0.084388,500,800,400,800
0.134188,500,800,400,800
0.192962,500,800,400,800
0.282779,500,800,400,800
0.37001,500,800,400,800
0.479484,500,800,400,800
0.611606,500,800,400,800
0.738832,500,800,400,800
0.869416,500,800,400,800
1,500,800,400,800
1.146153,500,800,400,800
1.284004,500,800,400,800
1.453954,500,800,400,800
1.649457,500,800,400,800
1.824728,500,800,400,800
2,500,800,400,800
2.216108,500,800,400,800
2.454608,500,800,400,800
2.727304,500,800,400,800
3,500,800,400,800
3.344356,500,800,400,800
3.672178,500,800,400,800
4,500,800,400,800
4.399144,500,800,400,800
4.699572,500,800,400,800
5,500,800,400,800
5.410689,500,800,400,800
5.705345,500,800,400,800
6,500,800,400,800
6.409396,500,800,400,800
6.704698,500,740.171875,400,800
7,500,727.8126831,400,800
7.343658,500,711.4369507,400,800
7.671829,500,696.8466797,400,800
8,500,684.3059692,400,800
8.48825,500,669.4139404,400,800
9,500,656.689209,400,800
9.5,500,646.4598389,400,800
10,500,637.6223755,400,800
10.5,500,629.616394,400,800
11,500,622.4545288,400,800
11.5,500,616.0559082,400,800
12,500,610.3573608,400,800
12.5,500,604.897522,400,800
13,500,599.617981,400,800
13.5,500,594.4198608,400,800
14,500,589.248169,400,800
14.5,500,584.0817261,400,800
15,500,578.9442749,400,800
15.5,500,573.4602051,400,800
16,500,567.8571777,400,800
16.5,500,562.0793457,400,800
17,500,556.1322632,400,800
17.5,500,550.3728027,400,800
18,500,544.708252,400,800
18.5,500,539.1738281,400,800
19,500,533.9242554,400,800
19.5,484.7640381,528.911499,400,800
20,477.2216187,524.3989868,400,800
20.5,471.3114319,520.1884766,400,800
21,466.3661499,516.2284546,400,800
21.5,462.2122498,512.6593628,400,800
22,458.6586304,509.3158264,400,800
22.5,455.3736572,506.3843689,400,800
23,452.1784973,503.6817627,400,800
23.5,448.8756409,501.157196,400,800
24,446.0545349,498.7952271,400,800
24.5,442.5610657,496.5048523,400,800
25,439.5357971,494.4596863,400,800
25.5,436.8886414,492.4547119,400,800
26,433.8772583,490.5705261,400,800
26.5,431.2446594,488.7466126,400,800
27,427.8951721,486.8131104,400,800
27.5,425.2490234,485.0319214,400,800
28,423.3477478,483.315155,400,800
28.5,421.1072083,481.7092285,400,800
29,418.6312866,480.0376282,400,800
29.5,416.2533875,478.310791,400,800
30,408.2477417,476.3088379,400,800
30.5,396.1679382,474.2592468,400,800
31,388.2513123,472.2966614,400,800
31.5,383.1159363,470.1033936,400,800
32,384.8264771,467.3336792,400,800
32.5,389.0426331,463.781189,400,800
33,392.4778137,459.7892761,400,800
33.5,399.6357422,455.0787354,400,800
34,400.8761597,449.9291077,400,800
34.490158,404.4437561,444.3399658,400,800
34.745079,405.657074,441.1472473,400,800
35,407.0934753,435.454773,400,800
35.486351,410.1067505,410.6027222,400,800
36,412.2332459,394.8340759,400,800
36.5,413.8640442,398.5538635,400,800
37,415.6767273,403.1419678,400,800
37.5,418.1296997,410.833374,400,800
38,420.8896484,417.4573364,400,800
39,425.3846741,422.9659729,400,800
40,429.1044312,427.0675964,400,800
41,432.2766419,432.0463257,400,800
42,436.0886536,435.4427795,400,800
43,437.7584839,437.8288574,400,800
44,439.8776856,439.7727051,400,800
45,441.6822205,441.5727539,400,800
46,443.2077026,442.5122681,400,800
47,444.5106506,443.9063721,400,800
48,445.7112427,444.4275208,400,800
49,446.7962341,444.9554443,400,800
50,447.9145508,445.4284058,400,800
51,448.8728943,445.94104,400,800
52,449.7363892,446.253418,400,800
53,450.5097046,446.4819336,400,800
54,451.1966248,446.7907105,400,800
55,451.806427,446.8802185,400,800
56,452.344696,447.1073303,400,800
57,452.8200073,447.1611328,400,800
58,453.2418518,447.2023621,400,800
59,453.6121216,447.2209168,400,800
60,453.9405518,447.1979981,400,800
61,454.2298279,447.1694946,400,800
62,454.4879456,447.1387634,400,800
63,454.7094727,447.128418,400,800
64,454.9120178,447.1849976,400,800
65,455.0889587,447.1828613,400,800
66,455.2493286,447.2662659,400,800
67,455.3828125,447.2810669,400,800
68,455.5028381,447.2654724,400,800
69,455.6125488,447.2521057,400,800
70,455.7250061,447.2612305,400,800
71,455.9217835,447.3110962,400,800
72,455.9329529,447.3559265,400,800
73,451.2956238,444.4423218,400,800
74,446.6721802,440.7954102,400,800
75,442.8009338,437.5635986,400,800
76,439.5703735,434.7421265,400,800
77,436.8366394,432.6281433,400,800
78,434.4859314,430.8635864,400,800
79,432.4352722,429.2503357,400,800
80,430.6359863,427.9851685,400,800
81,429.0412293,426.7797241,400,800
82,427.613739,425.7063294,400,800
83,426.337738,424.8503723,400,800
84,425.1832581,424.0079651,400,800
85,424.1309509,423.5031433,400,800
86,423.1719666,422.8848267,400,800
87,422.2926331,422.3340149,400,800
88,421.4932251,421.8664856,400,800
89,420.7477417,421.4155884,400,800
90,420.0491333,421.2643127,400,800
91,419.390564,420.8061523,400,800
92,418.7697449,420.5815125,400,800
93,418.1764832,420.3512573,400,800
94,417.6112671,420.131012,400,800
95,417.0707092,419.9667053,400,800
96,416.5529785,419.8283386,400,800
97,416.0487061,419.75177,400,800
98,415.5631409,419.7153015,400,800
99,415.0859985,419.6979065,400,800
100,414.6194153,419.6851196,400,800
101,414.1647339,419.6869202,400,800
102,413.7173462,419.7098999,400,800
103,413.2752686,419.7480164,400,800
104,412.8365173,419.7948608,400,800
105,412.4031677,419.8712158,400,800
106,411.9699097,419.9509888,400,800
107,411.5422974,420.0610962,400,800
108,411.1213684,420.1576843,400,800
109,410.6989136,420.2576294,400,800
110,410.2778015,420.3664856,400,800
111,409.8694153,420.4832764,400,800
112,409.4559937,420.6079102,400,800
113,409.0451965,420.7365723,400,800
114,408.6342773,420.935669,400,800
115,408.2229614,421.0875244,400,800
116,407.8121948,421.245697,400,800
117,407.4026184,421.4104004,400,800
118,406.9941406,421.5692749,400,800
119,406.5863953,421.7358093,400,800
120,406.1818848,421.9407044,400,800
121,405.7819824,422.1157227,400,800
122,405.384613,422.2803955,400,800
123,404.9898682,422.4373169,400,800
124,404.5981751,422.585907,400,800
125,404.2102661,422.9614868,400,800
126,403.8262024,422.9548645,400,800
127,403.4439392,423.0980225,400,800
128,403.0638733,423.2415466,400,800
129,402.6865234,423.3731384,400,800
130,402.3122253,423.5111389,400,800
131,401.9412231,423.6315918,400,800
132,401.573761,423.7529602,400,800
133,401.2081604,423.8720093,400,800
134,400.8445129,423.9874573,400,800
135,400.482605,424.1017761,400,800
136,400.1227722,424.2083435,400,800
137,399.7654114,424.3125,400,800
138,399.4113464,424.4249573,400,800
139,399.0593262,424.5374146,400,800
140,398.7096863,424.6494446,400,800
141,398.3619385,424.7607727,400,800
142,398.0149536,424.8742371,400,800
143,397.6691895,424.989624,400,800
144,397.3250732,425.104187,400,800
145,396.9812622,425.2416077,400,800
146,396.63797,425.3633118,400,800
147,396.2967224,425.4912415,400,800
148,395.9563294,425.6097412,400,800
149,395.6184387,425.7247925,400,800
150,395.2931519,425.8330078,400,800
151,394.9638672,425.9349976,400,800
152,394.6348572,426.0622864,400,800
153,394.3061523,426.1689148,400,800
154,393.9771423,426.2767944,400,800
155,393.6487427,426.3882446,400,800
156,393.3214111,426.497345,400,800
157,392.9959717,426.6061096,400,800
158,392.6702271,426.7120972,400,800
159,392.3458252,426.822052,400,800
160,392.0219727,426.9368286,400,800
161,391.698822,427.0557251,400,800
162,391.3783569,427.1795044,400,800
163,391.0565491,427.3056946,400,800
164,390.7353821,427.4405823,400,800
165,390.4139099,427.5808106,400,800
166,390.0924377,427.7206116,400,800
167,389.7704468,427.8664246,400,800
168,389.4488525,428.0099793,400,800
169,389.1268616,428.1530762,400,800
170,388.8056946,428.2982178,400,800
171,388.4876099,428.4478149,400,800
172,388.1710205,428.5963135,400,800
173,387.8565979,428.7396545,400,800
174,387.5419312,428.87854,400,800
175,387.229126,429.0201111,400,800
176,386.9172669,429.1582031,400,800
177,386.6078491,429.2938843,400,800
178,386.3000488,429.4226685,400,800
179,385.9954224,429.5486755,400,800
180,385.6921082,429.6797791,400,800
181,385.3931274,429.8254395,400,800
182,385.0963745,429.9687195,400,800
183,384.8002319,430.1080322,400,800
184,384.5084534,430.2421875,400,800
185,384.2298584,430.3735962,400,800
186,383.9370422,430.5105591,400,800
187,383.6522217,430.6471252,400,800
188,383.3678589,430.7872315,400,800
189,383.0844727,430.9304504,400,800
190,382.8023071,431.0786133,400,800
191,382.5218811,431.2292175,400,800
192,382.2420044,431.3967896,400,800
193,381.9623108,431.5527954,400,800
194,381.6825867,431.7353821,400,800
195,381.4043579,431.8978577,400,800
196,381.1266785,432.0553589,400,800
197,380.8514404,432.2076721,400,800
198,380.57724,432.3554077,400,800
199,380.3074951,432.503418,400,800
200,380.0397949,432.6433411,400,800
201,379.7791748,432.7770996,400,800
202,379.5190735,432.9048462,400,800
203,379.2616577,433.0318604,400,800
204,379.0075989,433.1539917,400,800
205,378.7557068,433.2709656,400,800
206,378.5074158,433.3854675,400,800
207,378.2627258,433.4973755,400,800
208,378.0238342,433.6069336,400,800
209,377.787323,433.7132874,400,800
210,377.5544739,433.8196716,400,800
211,377.3261108,433.9219666,400,800
211.95833,377.1102295,434.0195923,400,800
212,377.15448,434.0250855,400,800
212.20835,379.2511902,434.6651917,400,800
213,389.4317932,442.2428589,400,800
214,399.5125122,451.8578186,400,800
215,407.3041077,459.6783142,400,800
216,413.4750061,465.9353943,400,800
217,418.5417481,471.0830689,400,800
218,422.7799683,475.3612366,400,800
219,426.377533,479.0037842,400,800
220,429.4529114,482.1765137,400,800
221,432.1074829,484.9534912,400,800
222,434.4147949,487.4235535,400,800
223,436.4353027,489.6468201,400,800
224,438.2168579,491.646637,400,800
225,439.798523,493.4661865,400,800
226,441.2109375,495.1222229,400,800
227,442.4807129,496.654419,400,800
228,443.625,498.0616455,400,800
229,444.6618042,499.3583679,400,800
230,445.6044312,500.5543518,400,800
231,446.4665222,501.6704712,400,800
232,447.2549133,502.7200012,400,800
233,447.97995,503.7138672,400,800
234,448.6486511,504.6513977,400,800
235,449.2661438,505.5667114,400,800
236,449.8367615,506.4240418,400,800
237,450.3682861,507.2440186,400,800
238,450.8619385,508.0346985,400,800
239,451.3200989,508.7905579,400,800
240,451.748169,509.5220642,400,800
241,452.1489868,510.2286377,400,800
242,452.5252075,510.9134522,400,800
243,452.8079529,511.522522,400,800
243.479165,452.8971252,511.7928772,400,800
243.95833,452.9666138,512.039856,400,800
244,452.967804,512.06073,400,800
244.20835,452.9716797,512.1549683,400,800
245,452.8847961,512.3728638,400,800
245.5,452.6737061,512.4068604,400,623.2084961
246,452.4239197,512.3840942,400,615.1573486
247,451.5674744,512.0111084,400,584.1112671
248,450.2061157,511.2301941,400,561.767395
249,448.6279602,510.2472534,400,544.7799683
250,446.7966309,508.9959412,400,531.7171021
251,444.7785645,507.5851135,400,521.5394898
252,442.635437,506.0240784,400,513.6445313
253,440.4145203,504.3886719,400,508.3565369
254,438.1482239,502.6811829,400,502.8108215
255,435.88797,500.9825134,400,498.5178833
256,433.6552124,499.2559204,400,495.2327881
257,431.4642944,497.518158,400,492.4507752
258,429.3302002,495.8241882,400,490.1586914
259,427.2661743,494.1790772,400,488.263092
260,425.2848511,492.599823,400,486.6168823
261,423.3885498,491.0763245,400,485.2926331
262,421.5789185,489.6462097,400,484.1850891
263,419.8535767,488.2778931,400,482.0825501
264,418.221405,486.9790649,400,479.9789734
265,416.6741943,485.7601318,400,477.9570923
266,415.2095947,484.6177368,400,476.0119629
267,413.8189392,483.5413818,400,474.1472168
268,412.5101318,482.5374451,400,472.3644409
269,411.273468,481.5997009,400,470.6631775
270,410.0986633,480.7155762,400,469.0432739
271,408.999115,479.9064331,400,467.5026245
272,407.954773,479.1538696,400,466.0716553
273,406.9654236,478.4398193,400,464.6758728
274,406.0115967,477.7690735,400,463.3423157
275,405.1163635,477.13797,400,462.0770569
276,404.2637024,476.5447998,400,460.8780212
277,403.4516602,475.9907532,400,459.750824
278,402.669342,475.4785767,400,458.6717529
279,401.9472656,474.999939,400,457.6447144
280,401.2424011,474.5559692,400,456.6689453
281,400.5930481,474.1441956,400,455.7493591
282,399.9657593,473.7638855,400,454.8658142
283,399.3616333,473.4166565,400,454.0306397
284,398.7353516,473.1022949,400,453.2399902
285,398.1193848,472.8126221,400,452.4797669
286,397.6227417,472.5421753,400,451.7548828
287,397.1308289,472.2957459,400,451.0636292
288,396.6495972,472.067688,400,450.4053345
289,396.2546692,471.8577881,400,449.7886047
290,395.8561707,471.6676636,400,449.1973267
291,395.5084229,471.4924927,400,448.6260071
292,395.1590271,471.3324585,400,448.0855713
293,394.8157959,471.1911316,400,447.5700684
294,394.5108643,471.0613709,400,447.0835877
295,394.2000122,470.9420776,400,446.6195374
296,393.8916016,470.833374,400,446.1765137
297,393.6003723,470.7387085,400,445.7501526
298,393.357666,470.6579895,400,445.3424683
299,393.1109619,470.5881653,400,444.9528503
300,392.8623352,470.5261231,400,444.5805969
301,392.642334,470.4762268,400,444.2294006
302,392.4130249,470.4342651,400,443.8894043
303,392.2041626,470.3999329,400,443.5648193
304,391.9750671,470.3755798,400,443.2510071
305,391.7520142,470.3634033,400,442.9488831
306,391.5738831,470.3546143,400,442.659668
307,391.4215088,470.3530273,400,442.3805237
308,391.2319641,470.3583679,400,442.1113281
309,391.0953674,470.3757324,400,441.8521729
310,390.9440613,470.3974609,400,441.5998535
311,390.7996216,470.4246826,400,441.3580933
312,390.6451111,470.4584045,400,441.1208496
313,390.5293579,470.4954529,400,440.893219
314,390.3877564,470.5378418,400,440.6717529
315,390.2603149,470.5791626,400,440.4581604
316,390.1146851,470.6240234,400,440.2548828
317,389.9811401,470.6733093,400,440.0567932
318,389.862915,470.7272034,400,439.8643189
319,389.7466736,470.78479,400,439.6775818
320,389.6218567,470.8468628,400,439.4969482
321,389.5169067,470.9156799,400,439.322052
322,389.4277344,470.9854736,400,439.1524048
323,389.3561707,471.0575256,400,438.9891663
324,389.3044434,471.131958,400,438.8292542
325,389.2787781,471.2073059,400,438.6732483
326,389.2872925,471.2876282,400,438.5231628
327,389.3419495,471.3644714,400,438.3754578
328,389.3719177,471.440033,400,438.2306824
329,389.4221191,471.5126953,400,438.0898132
330,389.4616699,471.5880737,400,437.9516296
331,389.496582,471.662384,400,437.8161926
332,389.5248718,471.7327576,400,437.6834106
333,389.5529175,471.8002319,400,437.5548706
334,389.5592651,471.8626099,400,402.3522949
335,389.6058044,471.9190064,400,385.5732422
336,389.5391541,471.9387207,400,368.0655212
337,389.460022,471.9186401,356.5097046,356.2314148
338,389.332489,471.8532105,349.8595276,348.3564453
339,389.165741,471.7532044,344.7001038,342.7370606
340,388.9629517,471.6178894,340.9312744,338.4875794
341,388.745575,471.454773,337.9530335,335.2680969
342,388.4940491,471.2706909,335.7515869,332.8025208
343,388.2311401,471.0731201,334.0612183,330.8641052
344,387.9615784,470.8694763,332.7330627,329.3215332
345,387.6949158,470.666687,331.6719666,328.0811462
346,387.4282837,470.4662781,330.8096924,327.0829468
347,387.1750183,470.2737122,330.0919495,326.2694092
348,386.9246216,470.0909119,329.4906311,325.5959778
349,386.6857605,469.9160461,328.9875488,325.0287781
350,386.4631043,469.750946,328.5635071,324.5602722
351,386.2538452,469.5980835,328.2017212,324.1454468
352,386.0570374,469.4586487,327.8839417,323.777771
353,385.8753357,469.3323364,327.6065979,323.4484558
354,385.7044983,469.2183838,327.3640442,323.1502075
355,385.545044,469.1156921,327.1521606,322.8789978
356,385.395813,469.0237732,326.9657288,322.6302185
357,385.2575378,468.9423828,326.8005676,322.4007263
358,385.1299439,468.8731995,326.6522827,322.1868286
359,385.0113525,468.8124085,326.5180969,321.9877319
360,384.901825,468.7602234,326.3954468,321.8029175
361,384.8011169,468.7167664,326.2831726,321.6362915
362,384.7078247,468.681427,326.180481,321.4733276
363,384.6214294,468.6540527,326.0867004,321.3182678
364,384.5419922,468.641571,326.0013123,321.1704102
364.95834,384.4736939,468.6332092,325.924469,321.0350952
365,384.2168884,468.6236267,325.9225769,321.0295105
365.135179,380.8060303,467.949585,325.909668,321.0109558
365.56759,369.7333984,461.1047363,325.8462524,320.9497986
366,361.9513855,453.2372437,325.7417297,320.8833313
367,352.4874268,441.6362915,325.2460632,320.6605835
368,346.8056946,435.0293884,324.545166,320.346405
369,341.1911621,429.6751404,323.702301,319.9376221
370,336.3606567,425.0856934,322.7926331,319.4483032
371,332.287323,421.2306519,321.8554077,318.8914795
372,328.8183289,417.9792481,320.9172669,318.2820129
373,325.8342285,415.1849976,319.9962463,317.6346741
374,323.2435303,412.7593994,319.1696777,316.9628296
375,320.9753723,410.6321716,318.2781677,316.2776794
376,318.9753418,408.7484741,317.4693909,315.5905151
377,317.201294,407.0783081,316.7000122,314.9110413
378,315.6181641,405.5936279,315.9710083,314.2501831
379,314.1989746,404.2838135,315.2818298,313.6050415
380,312.9209595,403.1078491,314.631134,312.9811707
381,311.7658691,402.0491028,314.0185547,312.3808899
382,310.7178345,401.0982361,313.443512,311.806427
383,309.763855,400.2409668,312.9034119,311.2587891
384,308.8927612,399.466217,312.3959656,310.7415772
385,308.0955811,398.7678223,311.9186707,310.2497864
386,307.3642883,398.1319275,311.470398,309.7850952
387,306.6927185,397.551178,311.048645,309.3502502
388,306.0738831,397.0189819,310.6584168,308.9421692
389,305.502533,396.5343323,310.2875061,308.5589294
390,304.9743652,396.0913696,309.9386902,308.1996765
391,304.486084,395.683075,309.6102295,307.8622437
392,304.033844,395.3078613,309.3009033,307.5454407
393,303.6143799,394.966217,309.009613,307.2488403
394,303.2249451,394.6541138,308.7350464,306.97229
395,302.8625488,394.3696594,308.4762573,306.7129211
396,302.5255432,394.1107483,308.2331543,306.4711609
397,302.2124329,393.8756409,308.0046692,306.2443848
398,301.9223328,393.6642761,307.7887878,306.0326538
399,301.6507568,393.4729004,307.585022,305.8348389
400,301.397522,393.3001709,307.3926086,305.6508789
401,301.1624146,393.1424866,307.210968,305.4831848
402,300.9447937,392.999115,307.0391541,305.3248596
403,300.7411194,392.8688355,306.8766174,305.1769104
404,300.5506897,392.7504883,306.7241516,305.0384827
405,300.3730774,392.6433411,306.5795288,304.9080811
406,300.2059021,392.5466003,306.4417725,304.7852478
407,300.0493774,392.459198,306.3119812,304.6695557
408,299.9033508,392.3817749,306.1886597,304.5605164
409,299.7667847,392.3144836,306.0715637,304.4586487
410,299.639801,392.2540894,305.9606323,304.3621521
411,299.5197144,392.2000427,305.8548584,304.2709351
412,299.4069214,392.1517944,305.7544556,304.1851807
413,299.3014526,392.1096497,305.6587219,304.1037903
414,299.2034607,392.0719605,305.5675964,304.0264282
415,299.111084,392.0412293,305.4797974,303.9533691
416,299.0242615,392.0139465,305.3960877,303.8835449
417,298.9432373,391.992157,305.3164978,303.8169861
418,298.8665466,391.9746094,305.2398682,303.7536621
419,298.7947083,391.9609985,305.1673584,303.6928711
420,298.726532,391.9526672,305.0979919,303.6348877
421,298.6621399,391.9474182,305.0307922,303.5801086
422,298.6014099,391.9441834,304.9674683,303.5270996
423,298.5452881,391.9431458,304.9064331,303.4754028
424,298.4923401,391.9445801,304.84729,303.4258728
425,298.4425049,391.9488831,304.7915649,303.37854
426,298.3957214,391.9558411,304.7379761,303.3328552
427,298.3514099,391.9650269,304.6863098,303.2885132
428,298.3096008,391.9758911,304.6367798,303.2453919
429,298.2704163,391.9882202,304.5888062,303.2033081
430,298.2336426,392.0021668,304.5425415,303.1622315
431,298.1991577,392.0178528,304.4978027,303.1221314
432,298.1663513,392.0352783,304.4542236,303.0829163
433,298.1364441,392.0552673,304.4122009,303.0445252
434,298.108429,392.0773315,304.3716431,303.0067749
435,298.0818176,392.1009827,304.3326111,302.969635
436,344.1578674,424.6605835,304.6809387,303.0068359
437,384.3515015,462.9564819,305.6847534,303.2189636
438,414.9138184,492.3393555,307.3941956,303.7055664
439,438.8643799,515.901001,309.6665649,304.4952698
440,458.2055359,535.3283081,312.3121948,305.575592
441,474.2044983,551.7393189,315.1698303,306.9188538
442,487.804596,565.692688,318.1137695,308.481842
443,499.1744385,577.3625488,321.0544739,310.2203064
444,509.0087585,587.1657105,323.9312134,312.0922546
445,500,596.4057007,326.7267761,314.064209
446,500,604.9664307,329.4212341,316.0868835
447,500,612.6081543,331.9829102,318.1619873
448,500,619.8901367,334.4284973,320.2943726
449,500,626.7340088,336.7561646,322.4543457
450,500,633.0980835,338.9711609,324.4827271
451,500,639.0975952,341.1249695,326.375824
452,500,644.7617188,343.125,328.1433716
453,500,650.2116699,345.047821,329.7608643
454,500,655.4506226,346.8902283,331.2464905
455,500,660.3945313,348.6276245,332.6133423
456,500,665.0631714,350.279541,333.8536072
457,500,669.5649414,351.851532,335.0161133
458,500,673.8264771,353.3449097,336.0578308
459,500,677.899292,354.7697144,337.0134583
460,500,681.7526245,356.1278381,337.8798523
461,500,685.4257813,357.4271545,338.6804199
462,500,688.9359741,358.6672363,339.4053955
463,500,692.3103027,359.8552551,340.0615845
464,500,695.5039673,360.9917603,340.6615601
465,500,698.5245972,362.0812988,341.2197571
466,500,701.4268799,363.1243591,341.7207642
467,500,704.180603,364.1228638,342.2726135
468,500,706.8082886,365.0882263,342.6617127
469,500,709.3589478,366.0042114,343.0834351
470,500,711.7250366,366.8770447,343.4585266
471,500,713.9786987,367.7100525,343.7962952
472,500,716.1467285,368.5059815,344.1069641
473,500,718.2824707,369.2661743,344.3876953
474,500,720.2427979,369.9914551,344.6460266
475,500,722.1345825,370.6820068,344.8813171
476,500,723.9404297,371.3440552,345.1067505
477,500,725.7597046,371.9760132,345.300415
478,500,727.3751221,372.5788269,345.4755249
479,500,728.9658203,373.1541138,345.6663818
480,500,730.4996948,373.6992188,345.8222961
481,500,732.0299072,374.2167664,345.9624634
482,500,733.4187622,374.7092285,346.0903931
483,500,734.7520752,375.1793518,346.2078247
484,500,736.1549072,375.6257324,346.3101807
485,500,737.336792,396.4853516,360.8656921
486,500,738.6213379,407.7497559,371.3529968
487,500,739.9766235,400,378.2881775
488,500,741.2212524,400,383.263855
489,500,742.4414063,400,387.0827026
490,500,743.6528931,400,390.1824341
491,500,744.8411255,400,392.7818909
492,500,745.9382324,400,395.0149231
493,500,747.0352783,400,396.9697876
494,500,748.1332398,400,398.7032776
495,500,749.1087036,400,400.2575989
496,500,750.1417236,400,401.662323
497,500,751.0831909,400,402.9385376
498,500,654.1994629,400,404.0123596
498.5,500,601.9404907,400,404.2963867
499,500,550.5338135,400,404.3898621
500,500,483.1772461,400,403.548645
501,374.7932434,431.3027344,400,401.5588074
502,315.6907959,388.2432861,400,398.4470215
503,274.5732422,359.5038757,400,394.3571472
503.95834,247.4580383,339.1383057,400,389.7820435
504,246.3548737,338.3438721,400,389.5889282
504.2083,241.1072083,334.5087585,400,388.54953
505,225.7393341,321.7252808,400,384.2399902
506,211.1087799,309.7172852,400,378.3836365
507,200.0884552,301.0691223,400,372.3204651
508,191.5532684,294.3084717,386.9415588,366.7394104
509,184.6927338,288.9098206,378.7096252,361.5837097
510,179.3687744,284.5731812,372.1725159,357.1036377
511,175.1557465,281.0408936,366.7463379,353.0183411
512,171.7638397,278.1282349,362.1279297,349.371582
513,169.0298157,275.6990967,358.1358337,346.0769348
514,166.8151398,273.6970825,354.6391907,343.1101379
515,165.0065613,272.0305176,351.5593567,340.5342712
516,163.5210114,270.6562805,348.8157044,338.2049866
517,162.2941437,269.5135498,346.3739624,336.1082764
518,161.2828522,268.5780945,344.1844788,334.2425842
519,160.4345398,267.8036499,342.2040405,332.6278076
520,159.7205811,267.159668,340.4096069,331.1760864
521,159.1136169,266.614624,338.8012695,329.96521
522,158.5938568,266.1478882,337.3280335,328.9286499
523,158.164505,265.7480774,335.9824219,328.045044
524,157.7853394,265.396637,334.7521057,327.241272
525,157.4571838,265.0868835,333.6233215,326.7849121
526,157.1697846,264.8120728,332.5835571,325.9939575
527,156.9222717,264.5626526,331.6219177,325.4342041
528,156.7035828,264.3379822,330.7307434,324.9771729
529,156.5106354,264.1340942,329.9071045,324.5801392
530,156.339859,263.9515991,329.2167358,324.2652283
531,156.1884613,263.7890015,328.4761047,323.9971924
532,156.0536499,263.6470642,327.8296509,323.7642517
533,155.9331513,263.5249023,327.2237244,323.5621033
534,155.8256378,263.4179382,326.657135,323.4238281
535,155.7472992,263.3282471,326.1255188,323.31427
536,155.6542206,263.2522278,325.6263428,323.2260132
537,155.5820007,263.1903687,325.1569519,323.1708374
538,155.5161591,263.1411743,324.7155762,323.1445618
539,155.4563904,263.1018982,324.2989197,323.1505737
540,155.4023132,263.0717773,323.9066773,323.1704407
541,155.3534546,263.0504761,323.5413818,323.2116089
542,155.3096466,263.0362549,323.2001038,323.2961731
543,155.2698822,263.0283508,322.8724976,323.3757935
544,155.2341003,263.0280762,322.5596619,323.4785767
545,155.2017822,263.0327759,322.2601929,323.5708008
545.95834,155.1739349,263.0422058,321.9860535,323.665863
547,155.1463928,263.0637512,321.6983032,323.7744446
548,155.1229553,263.0868225,321.4364624,323.8816528
549,155.1020203,263.112915,321.1849365,323.9888306
550,155.0835266,263.1429443,320.9434509,324.1027832
551,155.0670929,263.1722107,320.7107849,324.2200623
552,155.0524902,263.2023926,320.4871216,324.3409729
553,155.0395508,263.2330933,320.2719727,324.4676209
554,155.0282593,263.2642212,320.0644226,324.5928345
555,155.0183716,263.2961731,319.8642883,324.7251892
556,155.0094605,263.3285828,319.6691589,324.8556213
557,155.0019074,263.36026,319.4811096,324.9832764
558,154.9954071,263.3919373,319.2992859,325.2637024
559,154.9898682,263.4236755,319.1213989,325.333252
560,154.9850464,263.4550781,318.9472656,325.4829712
561,154.9811249,263.4858398,318.7789917,325.6257629
562,154.97789,263.5159912,318.6153259,325.7671509
563,154.9752808,263.5463257,318.4561462,325.9037781
564,154.9728546,263.5759888,318.2997742,326.0372925
565,154.9712372,263.6055908,318.1486206,326.1687012
566,154.9701538,263.6347351,318.0015869,326.2963867
567,154.9694367,263.6635132,317.8582153,326.4182129
568,154.9691467,263.6914673,317.7182922,326.5386658
569,154.9692688,263.7192993,317.5820618,326.6573181
570,154.9693451,263.7469177,317.4481201,326.7756653
571,154.9703217,263.7746582,317.3193665,326.8910523
572,154.9715881,263.8023071,317.1939087,327.0039978
573,154.9730988,263.8289185,317.0717468,327.1134644
574,154.9747772,263.8545227,316.9528503,327.221283
575,154.9763031,263.8785706,316.836792,327.3265076
576,154.9783173,263.9013062,316.7242127,327.4297485
577,154.9806213,263.9232788,316.614502,327.5310059
578,154.9831238,263.9446106,316.507721,327.6325684
579,154.9858093,263.9654541,316.4035339,327.7320862
580,154.988678,263.9864502,316.3015747,327.8376465
581,154.9916992,264.0069885,316.2017212,327.9371948
582,154.994751,264.0269165,316.1040039,328.0333252
583,154.9980774,264.0467529,316.0083923,328.1261902
584,155.0015564,264.0660706,315.914978,328.2160339
585,155.0051575,264.0981445,315.823761,328.3032227
586,155.0088348,264.1164551,315.7346191,328.3881226
587,155.0126495,264.1393738,315.6474609,328.4725037
588,155.0165405,264.1608887,315.5622864,328.5537415
589,155.0205689,264.1811829,315.4790955,328.6331177
590,155.0247498,264.2006836,315.3977661,328.7105713
591,155.0290527,264.2193604,315.3183289,328.7871399
592,155.0334778,264.2374268,315.2407532,328.8613281
593,155.0380402,264.255188,315.1651001,328.9350891
594,155.0426636,264.2727356,315.0913696,329.0076904
595,155.0473175,264.289978,315.0193787,329.0784912
596,155.052063,264.306488,314.9500732,329.1472168
597,155.0569305,264.3225403,314.881958,329.2142029
598,155.0618286,264.3382874,314.8146057,329.2792969
599,155.0667419,264.3535156,314.7487488,329.3421631
600,155.0717316,264.368103,314.6845703,329.4035339
601,155.0768127,264.3821411,314.6219788,329.4631043
602,155.0819702,264.3956604,314.5610352,329.5210266
603,155.0871582,264.408783,314.501709,329.5773926
604,155.0924072,264.4214478,314.4438782,329.6321716
605,155.0977325,264.4338379,314.3875732,329.6855774
606,155.1030884,264.4459839,314.3325195,329.7377625
607,155.1085815,264.4578247,314.278717,329.7887573
608,155.1141968,264.4693298,314.2260132,329.8386536
609,155.1198578,264.4804688,314.174408,329.8875732
610,155.1256104,264.4907837,314.1239929,329.9363098
611,155.1315002,264.500824,314.0746155,329.9901123
612,155.1375275,264.5107117,314.0262146,330.0401306
613,155.143631,264.5206909,313.9788208,330.0882568
614,155.1497803,264.5306397,313.9324036,330.1347656
615,155.1560364,264.5404663,313.8869019,330.1801758
616,155.162384,264.5501404,313.8422852,330.2241821
617,155.1687317,264.5596314,313.7985535,330.2671814
618,155.1751099,264.5690613,313.7557373,330.3096008
619,155.1815186,264.5783691,313.7138062,330.3513184
620,155.1879883,264.5874939,313.67276,330.392334
621,155.1944885,264.5964966,313.6326904,330.4324951
622,155.201355,264.6052551,313.5949097,330.4721069
623,155.2080078,264.6140442,313.5569458,330.5107727
624,155.2147369,264.6228333,313.5195923,330.5486145
625,155.2215424,264.6317749,313.4829712,330.5866699
626,155.2283783,264.6405945,313.4469299,330.6253662
627,155.2352905,264.649353,313.4114685,330.6626892
628,155.2422638,264.6580811,313.3766785,330.6987
629,155.2492523,264.6668091,313.3425598,330.7333374
630,155.2562714,264.6755371,313.3091126,330.767395
631,155.2633209,264.6843872,313.2763367,330.8007813
632,155.2704468,264.693634,313.2442017,330.8334656
633,155.2775726,264.7038574,313.212738,330.8653565
634,155.2847443,264.714386,313.1818848,330.8964539
635,155.292038,264.7249146,313.1514893,330.9267578
636,155.299408,264.7352905,313.1215515,330.9561768
637,155.3067932,264.7455139,313.0921021,330.9848328
638,155.31427,264.7557068,313.0629578,331.0128174
639,155.3218384,264.7659912,313.0343323,331.0401917
640,155.3294525,264.7766419,313.0062866,331.0668945
641,155.3370819,264.7871399,312.9789124,331.0929565
642,155.3447571,264.7977295,312.9521484,331.1183777
643,155.352478,264.8084106,312.9258728,331.143158
644,155.3602295,264.8191834,312.8999939,331.1672974
645,155.3679504,264.8301086,312.8745728,331.1908569
646,155.3757172,264.8413086,312.8495789,331.2137451
647,155.3835602,264.8523865,312.8249207,331.2360535
648,155.3914185,264.8635254,312.8007202,331.2578735
649,155.3993073,264.8747864,312.7769775,331.2792053
650,155.4073181,264.8862305,312.7536621,331.3000794
651,155.4154205,264.8978272,312.7308044,331.3204956
652,155.423584,264.9095459,312.7084656,331.3404541
653,155.4317627,264.9212952,312.686554,331.3600159
654,155.4399567,264.9331665,312.6651611,331.3791199
655,155.4481659,264.945221,312.6442566,331.3977966
656,155.4564362,264.9573669,312.6236877,331.4160767
657,155.4646149,264.9700623,291.6406555,318.5550842
658,155.4712524,264.9826355,281.2506104,309.0141907
659,155.4750519,264.9941711,275.8005676,302.6678162
660,155.4755554,265.0062561,272.7080689,298.3784485
661,155.4729157,265.0157776,270.7277832,295.3656921
662,155.4676209,265.0230103,269.3629456,293.1093445
663,155.4604034,265.0281067,268.3725891,291.3240967
664,155.4517365,265.0310669,267.6354981,289.8751221
665,155.4421997,265.0322876,267.0733337,288.6821899
666,155.4323273,265.0319824,266.6384888,287.6903076
667,155.4226532,265.0305786,266.2967224,286.8577576
668,155.4134216,265.0283814,266.0246582,286.1557312
669,155.4049835,265.026062,265.8048096,285.5636597
670,155.3974152,265.0235596,265.6265869,285.0663147
671,155.3908081,265.0213318,265.4800415,284.6531982
672,155.3852997,265.0193787,265.3585815,284.3125916
673,155.3808899,265.0179138,265.2570801,284.0351257
674,155.377533,265.0171509,265.171875,283.8114929
675,155.3751679,265.017334,265.1001587,283.6329041
676,155.3737946,265.0184937,265.0395203,283.4917297
677,155.373291,265.0206604,264.9883423,283.3811951
678,155.3736115,265.0241394,264.945282,283.2957764
679,155.3749085,265.0287781,264.9089661,283.2306824
680,155.3768616,265.0347595,264.8788757,283.1817322
681,155.3796234,265.041626,264.8540039,283.1454163
682,155.3831482,265.0491638,264.8335877,283.1191406
683,155.3874054,265.0575256,264.8167725,283.1005859
684,155.3922272,265.0665588,264.803894,283.0877686
685,155.3976288,265.0777283,264.7937927,283.0793152
686,155.4036102,265.0889893,264.7867127,283.0740356
687,155.4101715,265.1010437,264.7816162,283.0707703
688,155.4172821,265.1139832,264.778656,283.0689697
689,155.4249725,265.127533,264.7775879,283.0678101
690,155.4332428,265.1416626,264.7781677,283.0667419
691,155.4423981,265.1562805,264.7800293,283.0654907
692,155.4513855,265.1714478,264.7836609,283.06427
693,155.4609375,265.1871948,264.788208,283.062561
694,155.4703369,265.2033081,264.794342,283.0604858
695,155.4793854,265.219696,264.8023682,283.0581665
696,155.4887543,265.2364197,264.8110962,283.0552673
697,155.4979248,265.25354,264.8210754,283.052002
698,155.5076904,265.2710266,264.8313599,283.0483093
699,155.5179138,265.2888184,264.8423462,283.0441895
700,155.528656,265.3067932,264.8536072,283.0395203
701,155.5396881,265.3250427,264.8651733,283.0344238
702,155.5508575,265.343689,264.8770447,283.0289307
703,155.5624237,265.3625183,264.8890076,283.0230103
704,155.5743103,265.3815613,264.9009094,283.0167542
705,155.5865784,265.4008179,264.9128723,283.0101929
706,155.5992127,265.4203491,264.9245606,283.0032349
707,155.6120911,265.4401856,264.9361572,282.9961548
708,155.6251221,265.4602356,264.9476929,282.9889526
709,155.638382,265.4806213,264.9591675,282.9813843
710,155.6519623,265.5012817,264.970459,282.9736023
711,155.6659241,265.5220947,264.9812012,282.9657288
712,155.6801605,265.5430908,264.9916382,282.9577026
713,155.6946259,265.56427,265.00177,282.9494629
714,155.7090759,265.5856323,265.0116272,282.9429321
715,155.7236939,265.6071777,265.0210266,282.9360046
716,155.7384949,265.6289368,265.0300903,282.9285889
717,155.7535248,265.6508789,265.0388184,282.92099
718,155.7685547,265.6730347,265.0471497,282.9134216
719,155.7836609,265.6954041,265.0551758,282.9058228
720,155.7988586,265.717926,265.0628357,282.8981628
721,155.814148,265.7404785,265.0700989,282.8904114
722,155.8292694,265.763092,265.0770264,282.8827515
723,155.8443146,265.7857056,265.0836487,282.8752441
724,155.8594513,265.8084717,265.0899963,282.8677673
725,155.8746185,265.8314209,265.0960999,282.8602295
726,155.8896027,265.8545227,265.1018677,282.8525696
727,155.9043884,265.8777771,265.1072693,282.8447571
728,155.9191895,265.9010925,265.1124878,282.8368835
729,155.9340515,265.924469,265.1174622,282.8289185
730,180.5603485,271.8286438,265.336792,282.840332
731,202.5061646,293.5384216,265.9730835,282.9593201
732,219.4741669,314.3043518,266.9930115,283.2232666
733,232.6557312,328.6612244,268.2785339,283.6463928
734,243.2624512,339.9673767,269.7254639,284.2230835
735,251.9947052,349.0154724,271.259491,284.9323731
736,259.3074341,356.5402832,272.8009033,285.7473755
737,265.5058899,362.8227234,274.3199463,286.6472168
738,270.8164673,368.3065186,275.7818909,287.5988159
739,275.4106751,373.1482239,277.1878967,288.5898132
740,279.4165039,377.4321594,278.5120239,289.5911255
741,282.936554,381.329834,279.7599182,290.6017456
742,286.0491028,384.6985169,280.9335022,291.589447
743,288.816864,387.634613,282.0381165,292.5669251
744,291.2891235,390.2326965,283.0724182,293.5099487
745,293.507843,392.556427,284.0419312,294.4226379
746,295.5071716,394.6286621,284.9508667,295.2992554
747,297.3166809,396.5289002,285.8027954,296.1482849
748,298.9601135,398.2483521,286.6028748,296.9764099
749,300.4588013,399.8269348,287.355011,297.7735901
750,301.8293762,401.2862549,288.1038818,298.5186462
751,303.0861816,402.6434326,288.7538147,299.1870728
752,304.2414246,403.893219,289.3875122,299.7833252
753,305.304596,405.0352173,289.9881287,300.3011475
754,306.2843933,406.098938,290.5447693,300.7497559
755,307.1893005,407.1015625,291.0687866,301.1411133
756,307.9477539,407.9523315,400.2312622,373.2563782
757,308.774292,408.8544922,400,443.0233154
758,309.6945801,409.8380432,400,481.9028015
759,310.5879822,410.7911987,400,507.8369446
760,311.5562439,411.7720337,400,527.2502441
760.95834,312.5522766,412.7691956,400,542.2060547
761,312.6026917,412.8354797,400,542.8764038
761.2083,312.8352051,413.0898132,400,545.9584351
762,313.7095947,413.9630737,400,555.9609375
763,314.8397827,415.052063,400,566.6854248
764,316.0073547,416.1811218,400,575.9188843
765,317.1953125,417.3503113,400,583.94104
766,318.3899231,418.5281372,400,590.9815064
767,319.5797424,419.68573,400,597.2051392
768,320.7552795,420.8317566,400,602.7468262
769,321.9092407,421.9915161,400,607.7127075
770,323.034729,423.0737305,400,612.1835938
771,324.1271057,424.131134,400,616.223938
772,325.1829529,425.1621399,400,619.9557495
773,326.1999817,426.1704712,400,623.265564
774,327.1762085,427.1179199,400,626.3199463
775,328.1111755,428.0266724,400,629.1067505
776,329.0041199,428.878479,400,631.6517944
777,329.8554077,429.6925659,400,633.979187
778,330.6656189,430.4712524,400,636.1089478
779,331.4355164,431.2144165,400,638.0567017
780,332.1659851,431.9215088,400,639.8382568
781,332.8584595,432.6072693,400,641.4681397
782,333.5140076,433.2453003,400,642.9567871
783,334.1340027,433.8611145,400,644.3161011
784,334.7203674,434.45047,400,645.5571899
785,335.2738648,434.986969,400,646.6889648
786,335.7962647,435.5044556,400,647.7213135
787,336.288971,435.989502,400,648.6620483
788,336.753418,436.4398804,400,649.5188599
789,337.1911316,436.8823242,400,650.2991943
790,337.603302,437.2735596,400,651.0101929
791,337.9911499,437.6404724,400,651.6574097
792,338.3561707,437.9881897,400,652.2467041
793,338.6999817,438.3196716,400,652.7831421
794,339.0238648,438.6351013,400,653.2712402
795,339.3283997,438.9345093,400,653.7150879
796,339.6146851,439.2173767,400,654.1188965
797,339.8837891,439.4929199,400,654.4866333
798,340.137146,439.7540894,400,654.8214111
799,340.3757629,440.009613,400,655.1265869
800,340.6001892,440.2368469,400,655.404419
801,340.8118286,440.4747925,400,655.6575317
802,341.0102234,440.6782837,400,655.8881836
803,341.1972961,440.866272,400,656.0984497
804,341.3728638,441.0420227,400,656.2904053
805,341.5389099,441.1879578,400,656.465332
806,341.6954041,441.3391113,400,656.6246948
807,341.8431702,441.5069275,400,656.7695313
808,341.9826965,441.6681519,400,656.9017334
809,342.1145935,441.8247376,400,657.0221558
810,342.2387695,441.9551086,400,657.131958
811,342.3554993,442.0784607,400,657.2314453
812,342.465332,442.1892395,400,657.3215332
813,342.5686035,442.2910461,400,657.402771
814,342.665802,442.3858948,400,657.4761963
815,342.7574463,442.4749756,400,657.5420532
816,342.8440552,442.5621948,400,657.6008301
817,342.9260864,442.6472473,400,657.6535034
818,343.0042725,442.7621155,400,657.7006226
819,343.0778809,442.844574,400,657.7422485
820,343.1474304,442.9163208,400,657.7788086
821,343.2130127,442.9830933,400,657.8103027
822,343.2752991,443.0537109,400,657.8375855
823,343.3345032,443.1203003,400,657.861084
824,343.3916016,443.2081604,400,657.8806763
825,343.4458008,443.2814331,400,657.8972168
826,343.4974976,443.3410339,400,657.9104614
827,343.5468445,443.407135,400,657.9210205
828,343.5938416,443.4645081,400,657.9287109
829,343.6388855,443.5224304,400,657.9338379
830,343.6821899,443.583374,400,657.9365234
831,343.7232971,443.6268616,400,657.9365845
832,343.7624817,443.6652527,400,657.9343872
833,343.7997437,443.704071,400,657.9299927
834,343.8352051,443.7435608,400,657.923645
835,343.8692322,443.7888489,400,657.9156494
836,343.9015808,443.8284912,400,657.9061279
837,343.9324646,443.8673096,400,657.8948975
838,343.9619141,443.9049988,400,657.882019
839,343.9900818,443.9418335,400,657.8677368
840,344.0175781,443.9905701,400,657.8521729
841,344.0433655,444.0284729,400,657.8356323
842,344.0684815,444.0692139,400,657.8182373
843,344.0925903,444.1033325,400,657.800293
844,344.1156311,444.1344605,400,657.7821655
845,344.1378174,444.1708984,400,657.7634888
846,344.1590881,444.2077026,400,657.7438965
847,344.1795349,444.2433167,400,657.7234497
848,344.1992493,444.2817078,400,657.7023926
849,344.2188416,444.3360596,400,657.6812744
850,344.2376404,444.3789673,400,657.6600952
851,344.2562256,444.4265137,400,657.6383667
852,344.2739868,444.4585266,400,657.616394
853,344.2911377,444.4851074,400,657.5941162
854,344.3080139,444.5149231,400,657.5718994
855,344.3241272,444.5411682,400,657.5496216
856,344.3399353,444.5717163,400,657.5272217
857,344.3552551,444.6053772,400,657.5046997
858,344.3700562,444.6365662,400,657.4820557
859,344.384491,444.6662293,400,657.4591065
860,344.3985596,444.6949158,400,657.4366455
861,340.8660584,441.8648071,400,657.4119873
862,337.8512268,439.066864,400,657.354187
863,335.5708923,436.8296814,400,657.2590332
864,333.809845,435.0876465,400,657.1261597
865,332.4019775,433.7110596,400,656.958374
866,331.2496948,432.5944519,400,656.7605591
867,330.2915039,431.6978455,400,656.5386963
868,329.4838867,430.9432068,400,656.2991943
869,328.7953186,430.3016968,400,656.0483398
870,328.2023621,429.75177,400,655.7910156
871,327.6871338,429.2779541,400,655.53125
872,327.2358398,428.8810425,400,655.2720337
873,326.8379211,428.5264893,400,655.0161133
874,326.4846191,428.2167969,400,654.7654419
875,326.1688232,427.9352112,400,654.5219727
876,325.8849793,427.6802979,400,654.2872315
877,325.6286316,427.4495239,400,654.0620728
878,325.3960571,427.2406921,400,653.8465576
879,325.1842041,427.0517578,400,653.6409912
880,324.9905701,426.8825378,400,653.4453125
881,324.8130188,426.7301941,400,653.2593384
882,324.6497803,426.5927124,400,653.0830689
883,324.4995117,426.4684753,400,652.9162598
884,324.3609009,426.356842,400,652.7587891
885,324.2330322,426.2604065,400,652.6101074
886,324.1148987,426.1708374,400,652.4696045
887,324.0055237,426.0906982,400,652.3372192
888,323.9040527,426.0181885,400,652.2128296
889,323.8098145,425.9527588,400,652.0958862
890,323.7221375,425.8939514,400,651.9855957
891,323.6433716,425.8441467,400,609.6123657
892,323.5353394,425.7796631,400,583.6049194
893,323.3765564,425.6723938,400,565.9956665
894,323.1603699,425.515625,400,552.9215698
895,322.8835144,425.305542,400,543.0591431
896,322.550354,425.0499573,400,534.8981323
897,322.1692505,424.7450562,400,528.0729981
898,321.7497559,424.4023743,400,522.2330933
899,321.301239,424.0308533,400,517.1697998
900,320.832428,423.6382752,400,512.7609253
901,320.3511353,423.2319031,400,508.8734741
902,319.8642578,422.8249207,400,505.3985901
903,319.3770447,422.4107971,400,502.3157349
904,318.894165,421.9968567,400,499.5706787
905,318.4193115,421.5870972,400,497.1143799
906,317.9554138,421.1846314,400,494.9092102
907,317.5048523,420.7921753,400,492.9246826
908,317.0693359,420.4116211,400,491.1323547
909,316.650238,420.0491333,400,489.5099487
910,316.2475891,419.6980591,400,488.0445557
911,315.8659058,419.3616333,400,486.7078857
912,315.5013123,419.0437622,400,485.4898682
913,315.154419,418.743866,400,484.3818665
914,314.8249817,418.4547424,400,483.3620911
915,314.5127564,418.1790772,400,482.4355469
916,314.2173767,417.9177856,400,481.5909119
917,313.938385,417.6705322,400,480.8196716
918,313.6752625,417.4372253,400,480.1147766
919,313.4274292,417.2176514,400,479.4750671
920,313.1943054,417.0114441,400,478.9344482
921,312.9753723,416.8244324,400,478.361023
922,312.7701111,416.6455689,400,477.8710938
923,312.5776978,416.4772949,400,477.4230347
924,312.3975525,416.3201294,400,477.0128174
925,312.2289124,416.1737061,400,476.6376038
926,312.071167,416.0377808,400,476.2944641
927,311.9237366,415.9118958,400,475.9809876
928,311.7861328,415.7975464,400,475.6946716
929,311.657959,415.6952515,400,475.4334106
930,311.5384216,415.5968018,400,475.1952515
931,311.4269409,415.5040894,400,474.9778137
932,311.3230591,415.4181213,400,474.7794495
933,311.2263184,415.3395081,400,474.5983276
934,311.1362915,415.2680969,400,474.4329834
935,311.0528259,415.2055359,400,474.2817078
936,310.9753113,415.1507263,400,474.1435547
937,310.9036865,415.0960693,400,474.017273
938,310.8372803,415.0458374,400,473.9015503
939,310.7753906,415.0013428,400,473.795166
940,310.7180786,414.9625549,400,473.6972656
941,310.6647644,414.9287415,400,473.6069641
942,310.6151733,414.899231,400,473.523407
943,310.5693359,414.8736877,400,473.4460144
944,310.5265808,414.851471,400,473.3740234
945,310.4868469,414.8322754,400,473.3070984
946,310.4502869,414.815918,400,473.2461548
947,310.4161072,414.8020325,400,473.1888428
948,310.3843079,414.7921753,400,473.1357422
949,310.3550415,414.7835693,400,473.0850525
950,310.3280029,414.7784729,400,473.037323
951,310.3028259,414.7736816,400,472.9927673
952,310.2795715,414.769928,400,472.9511108
953,310.2579346,414.7674866,400,472.9122925
954,310.237854,414.7662354,400,472.8760376
955,310.2192688,414.7662048,400,472.8422241
956,310.202301,414.7671509,400,472.8106995
957,310.1864929,414.769165,400,472.7812805
958,310.1718445,414.7721863,400,472.7537842
959,310.1583252,414.7783814,400,472.7281799
960,310.1456604,414.7834168,400,472.7044067
961,310.1339417,414.7887878,400,472.6823425
962,310.1233521,414.7964172,400,472.662384
963,310.1134644,414.8096314,400,472.6443787
964,310.1042175,414.8197632,400,472.6279297
965,310.0956116,414.8288574,400,472.612915
966,310.087616,414.8390503,400,472.5989075
967,310.0801086,414.8491821,400,472.5860901
968,310.0730591,414.8592529,400,472.5745239
969,310.0664368,414.8694153,400,472.5641174
970,310.0603333,414.8818359,400,472.5549011
971,310.0545349,414.8926086,400,472.546814
972,310.0490418,414.9031982,400,472.539856
973,310.0437012,414.9136658,400,472.5337219
974,310.0388489,414.9240418,400,472.5284119
975,310.0343018,414.9343567,400,472.5239868
976,310.0300598,414.9445801,400,472.5202026
977,310.0261536,414.9564819,400,472.5169678
978,310.0224304,414.9674988,400,472.5141907
979,310.0188599,414.978302,400,472.5118103
980,310.0154114,414.9886169,400,472.5097351
981,310.0121155,414.9985962,400,472.5081177
982,310.0088806,415.0085449,400,472.506958
983,310.0057068,415.0184631,400,472.5061951
984,310.0026245,415.0290833,400,472.5056458
985,309.9996643,415.0400085,400,472.5055237
986,309.9967957,415.0510864,400,472.5054627
987,309.9940186,415.0622253,400,472.5055542
988,309.9911804,415.0734558,400,472.5059509
989,309.9883118,415.0847778,400,472.5066223
990,309.9853821,415.0962219,400,472.5076294
991,309.9824524,415.1077881,400,472.5089111
992,309.9794922,415.1194458,400,472.5103455
993,309.9764404,415.1311035,400,472.5119934
994,309.9733276,415.1429138,400,472.5137024
995,309.9701843,415.1546631,400,472.515686
996,309.967041,415.1663818,400,472.5178528
997,309.9638367,415.1781311,400,472.5202026
998,309.9607849,415.1917114,400,472.5227966
999,309.9576111,415.2037354,400,472.5255127
1000,309.9543762,415.21521,400,472.528656
