Time (day),Producer1-Well Bottom-hole Pressure,Producer2-Well Bottom-hole Pressure,Producer3-Well Bottom-hole Pressure,Producer4-Well Bottom-hole Pressure
0.01044,1526.357544,1455.888428,1549.934204,1461.270508
0.018537,1511.583374,1426.352295,1539.749268,1435.529541
0.029872,1498.742798,1398.370606,1531.155151,1411.790649
0.054527,1479.540894,1354.234131,1518.609619,1376.265503
0.084388,1461.706421,1311.489746,1507.656982,1344.603272
0.134188,1439.229614,1255.14563,1495.880737,1308.182617
0.192962,1418.35022,1200.617676,1487.275147,1277.994873
0.282779,1393.780762,1133.874023,1480.696167,1247.732422
0.37001,1374.153931,1079.172607,1477.787476,1226.871826
0.479484,1353.717773,1021.612244,1476.993164,1208.272705
0.611606,1332.811401,963.1867065,1478.091431,1191.882446
0.738832,1314.967041,914.4117432,1480.131958,1179.492188
0.869416,1298.361572,870.529419,1482.705689,1169.102295
1,1282.997681,831.5298462,1485.5,1160.265625
1.146153,1266.967285,792.8100586,1488.62085,1151.875244
1.284004,1252.630737,759.8178711,1491.439697,1144.954834
1.453954,1235.890381,723.5995483,1494.678955,1137.566773
1.649457,1217.686279,686.6608887,1497.933228,1130.097412
1.824728,1201.9375,656.5438232,1500.617065,1124.08252
2,1186.780884,629.0853272,1502.964722,1118.543579
2.216108,1168.767578,598.5154419,1505.52356,1112.360718
2.454608,1149.60022,567.975769,1507.976685,1106.067383
2.727304,1128.459961,536.4193726,1510.34375,1099.441162
3,1107.943237,507.4897156,1512.330811,1093.453003
3.344356,1082.98645,474.4318848,1514.552002,1086.716309
3.672178,1059.987915,444.0843506,1516.647339,1080.739136
4,1037.752441,415.6109314,1518.841431,1074.918213
4.399144,1011.674744,385.7600403,1521.532227,1067.432251
4.699572,992.5021362,366.4214783,1523.791138,1061.665283
5,973.8743897,355.463562,1526.095581,1055.924194
5.410689,949.3203735,339.5769348,1529.307861,1047.201904
5.705345,932.060791,327.8902283,1531.624512,1040.818726
6,915.2836914,314.8475952,1533.991089,1034.244263
6.409396,892.9364014,293.983551,1537.365356,1024.425781
6.704698,877.2610474,300,1539.899414,1016.957703
7,862.1056519,300,1542.448608,1009.513306
7.343658,845.2120972,300,1545.097046,1000.390076
7.671829,829.7285156,300,1547.292114,992.2785645
8,814.8554077,300,1549.087402,985.0897827
8.48825,793.9727173,300,1549.636963,973.5629273
9,773.1921997,300,1549.092041,961.9765625
9.5,753.6642456,300,1549.290161,950.0892944
10,734.6950684,300,1550.198975,923.8685303
10.5,716.0361328,300,1551.322266,892.0332642
11,697.6523438,300,1552.38501,866.4538574
11.5,679.479187,300,1553.133057,852.7941284
12,661.6702881,300,1553.687744,845.7943115
12.5,644.5765381,300,1553.842651,837.9667969
13,628.5009766,300,1553.792236,836.3706055
13.5,613.4675293,300,1553.549927,835.9172363
14,599.3872681,300,1553.199097,836.71698
14.5,586.2855835,300,1552.532227,839.2801514
15,574.027832,300,1551.386353,841.2467041
15.5,562.5200195,300,1550.071899,844.1345825
16,551.7070313,300,1548.636597,847.3383179
16.5,541.5419312,300,1546.861816,850.9630127
17,531.9639893,300,1544.744873,854.6720581
17.5,523.0057373,300,1539.07898,858.4468994
18,514.5024414,300,1531.291138,862.1046753
18.5,506.4347229,300,1524.219727,865.630249
19,498.8048401,300,1518.119141,869.0228882
19.5,500,300,1511.582642,872.3007813
20,500,300,1507.034546,875.5023804
20.5,500,300,1503.402222,878.6516113
21,500,300,1500.751709,881.7023926
21.5,500,300,1499.14978,884.6220703
22,500,300,1497.706543,887.4841309
22.5,500,300,1494.613159,890.2371826
23,500,300,1492.500122,892.8423462
23.5,500,300,1491.226685,895.3016357
24,500,300,1490.466675,897.6461792
24.5,500,300,1490.369385,899.854126
25,500,300,1490.230957,901.9708862
25.5,500,300,1490.226563,904.0010376
26,500,300,1490.16333,905.9318848
26.5,500,300,1490.186157,907.7400513
27,500,300,1490.373413,909.4575195
27.5,500,300,1490.701294,911.0894165
28,500,300,1491.052124,912.6558838
28.5,500,300,1491.390381,914.1185303
29,500,300,1491.792603,915.5095825
29.5,500,300,1492.185181,916.8343506
30,500,300,1492.554443,918.1362915
30.5,500,300,1492.923828,919.3268433
31,500,300,1493.398071,920.4588013
31.5,500,300,1493.836182,921.519165
32,500,300,1494.243408,922.5111084
32.5,500,300,1494.651733,923.4388428
33,500,300,1495.046631,924.3312378
33.5,500,300,1495.44519,925.1594238
34,500,300,1495.801758,925.9317627
34.490158,500,300,1496.127686,926.6439209
34.745079,500,300,1496.288818,926.9769287
35,500,300,1496.462036,927.3129883
35.486351,500,300,1496.778809,927.9581909
36,500,300,1497.060425,928.5935059
36.5,500,300,1497.328003,929.1782837
37,500,300,1497.586792,929.7317505
37.5,500,300,1497.874268,930.2606812
38,500,300,1498.146606,930.7799072
39,500,300,1498.707642,931.8682251
40,500,300,1499.323242,932.9804077
41,500,300,1499.932373,934.071228
42,500,300,1500.474121,935.164978
43,500,300,1500.988159,936.2801514
44,500,300,1501.481201,937.3972778
45,500,300,1502.033081,938.5182495
46,500,300,1502.593262,939.6749878
47,500,300,1503.156982,940.788147
48,500,300,1503.691528,941.8867798
49,500,300,1504.21936,942.9819946
50,500,300,1504.706665,944.0419922
51,500,300,1505.176514,945.1864624
52,500,300,1505.62561,946.2382202
53,500,300,1506.067505,947.2520142
54,500,300,1506.516968,948.2006836
55,500,300,1506.996094,949.1013184
56,500,300,1507.447998,949.9537964
57,500,300,1507.911865,950.7619019
58,500,300,1508.354981,951.5089722
59,500,300,1508.79126,952.2174683
60,500,300,1509.222168,952.8843384
61,500,300,1509.641113,953.5111084
62,500,300,1510.055786,954.093689
63,500,300,1510.454468,954.6210327
64,500,300,1510.84729,955.1092529
65,500,300,1511.233276,955.5496826
66,500,300,1511.606934,955.9526367
67,500,300,1511.974487,956.3181763
68,500,300,1512.328491,956.6502686
69,500,300,1512.663818,956.9446411
70,500,300,1512.980591,957.2168579
71,500,300,1513.283691,957.4451294
72,500,300,1513.592896,957.6425171
73,500,300,1513.830933,957.7960205
74,500,300,1513.963745,957.8703613
75,500,300,1513.977539,957.8453369
76,500,300,1513.869751,957.7069092
77,500,300,1513.628174,957.4402466
78,500,300,1513.260986,957.0397949
79,500,300,1512.773682,956.5039063
80,500,300,1512.175781,955.8378296
81,500,300,1511.487183,955.0496826
82,500,300,1510.696655,954.1410523
83,500,300,1509.822754,953.1347046
84,500,300,1508.869141,952.0367432
85,500,300,1507.835571,950.8510742
86,500,300,1506.734497,949.5969238
87,500,300,1505.573364,948.2758789
88,500,300,1504.371338,946.8959351
89,500,300,1503.134766,945.4698486
90,500,300,1501.846069,944.001709
91,500,300,1500.514282,942.4911499
92,500,300,1499.148682,940.9519043
93,500,300,1497.744141,939.3817139
94,500,300,1496.304321,937.789978
95,500,300,1494.838501,936.1830444
96,500,300,1493.35376,934.5667114
97,500,300,1491.841919,932.935791
98,500,300,1490.31604,931.300354
99,500,300,1488.766846,929.6621704
100,500,300,1487.203125,928.0240479
101,500,300,1485.626465,926.3865967
102,500,300,1484.039063,924.7473145
103,500,300,1482.442993,923.1098633
104,500,300,1480.839722,921.4732056
105,500,300,1479.229736,919.8407593
106,500,300,1477.614624,918.2097778
107,500,300,1475.996338,916.5821533
108,500,300,1474.376709,914.9567871
109,500,300,1472.75647,913.3406982
110,500,300,1471.136475,911.7339478
111,500,300,1469.516846,910.1359863
112,500,300,1467.898682,908.5496826
113,500,300,1466.282715,906.9763794
114,500,300,1464.670166,905.4217529
115,500,300,1463.061646,903.883728
116,500,300,1461.457764,902.3671265
117,500,300,1459.859253,900.8721924
118,500,300,1458.26709,899.3933716
119,500,300,1456.681519,897.934082
120,500,300,1455.101563,896.4963379
121,500,300,1453.527466,895.0618897
122,500,300,1451.956299,893.6286011
123,500,300,1450.393921,892.1964722
124,500,300,1448.838623,890.7666016
125,500,300,1447.292358,889.3375244
126,500,300,1445.754639,887.9127197
127,500,300,1444.224976,886.4942627
128,500,300,1442.703003,885.0770874
129,500,300,1441.194824,883.6644898
130,500,300,1439.695435,882.2562256
131,500,300,1438.204224,880.8530884
132,500,300,1436.723511,879.4551392
133,500,300,1435.249512,878.0669556
134,500,300,1433.783081,876.6786499
135,500,300,1432.323975,875.2938843
136,500,300,1430.872803,873.9171143
137,500,300,1429.429688,872.546814
138,500,300,1427.994141,871.1769409
139,500,300,1426.566773,869.8161621
140,500,300,1425.147827,868.4630737
141,500,300,1423.736572,867.1125488
142,500,300,1422.332886,865.7642212
143,500,300,1420.937378,864.4205933
144,500,300,1419.549316,863.0685425
145,500,300,1418.170288,861.727478
146,500,300,1416.803223,860.381958
147,500,300,1415.44458,859.0519409
148,500,300,1414.095825,857.7126465
149,500,300,1412.754273,856.3848267
150,500,300,1411.421265,855.0727539
151,500,300,1410.096558,853.7769165
152,500,300,1408.781128,852.4833374
153,500,300,1407.474121,851.2092896
154,500,300,1406.176514,849.9360352
155,500,300,1404.886841,848.6623535
156,500,300,1403.604981,847.4067383
157,500,300,1402.333008,846.1529541
158,500,300,1401.069336,844.9225464
159,500,300,1399.814453,843.7148438
160,500,300,1398.569458,842.5330811
161,500,300,1397.334473,841.3806763
162,500,300,1396.108765,840.2139282
163,500,300,1394.890747,839.0743408
164,500,300,1393.682495,837.913269
165,500,300,1392.48169,836.781311
166,500,300,1391.290283,835.6271973
167,500,300,1390.106201,834.5070801
168,500,300,1388.931274,833.3914185
169,500,300,1387.763916,832.2603149
170,500,300,1386.60376,831.1569824
171,500,300,1385.45166,830.0391846
172,500,300,1384.30603,828.9232788
173,500,300,1383.167969,827.8237915
174,500,300,1382.037842,826.7197876
175,500,300,1380.915039,825.6265259
176,500,300,1379.802856,824.5305786
177,500,300,1378.696411,823.4293823
178,500,300,1377.596558,822.350769
179,500,300,1376.498779,821.2457886
180,500,300,1375.412598,820.1619263
181,500,300,1374.330322,819.117981
182,500,300,1373.255005,818.0713501
183,500,300,1372.188232,817.0759277
184,500,300,1371.128906,816.0980835
185,500,300,1370.078003,815.1815796
186,500,300,1369.033447,814.2730103
187,500,300,1368.000366,813.4801025
188,500,300,1366.976074,812.6618652
189,500,300,1365.956299,811.8591309
190,500,300,1364.953491,811.079834
191,500,300,1363.953369,810.234436
192,500,300,1362.968018,809.4373779
193,500,300,1361.990356,808.6351318
194,500,300,1361.019898,807.8710938
195,500,300,1360.058106,807.1751709
196,500,300,1359.106934,806.4586792
197,500,300,1358.16333,805.8237305
198,500,300,1357.228027,805.2077026
199,500,300,1356.297852,804.6221924
200,500,300,1355.379639,804.0792847
201,500,300,1354.470581,803.5430298
202,500,300,1353.56897,802.9883423
203,500,300,1352.675293,802.4475708
204,500,300,1351.789429,801.8934937
205,500,300,1350.911133,801.3398438
206,500,300,1350.040161,800.7770996
207,500,300,1349.176514,800.2241821
208,500,300,1348.319824,799.6656494
209,500,300,1347.470093,799.1622925
210,500,300,1346.624634,798.6533203
211,500,300,1345.78894,798.1351929
211.95833,500,300,1344.991455,797.6356812
212,500,300,1344.955566,797.6028442
212.20835,500,300,1344.775757,797.5083008
213,500,300,1344.174439,797.1261597
214,500,300,1343.620361,796.7041016
215,500,300,1343.316406,796.4543457
216,500,300,1343.272705,796.4124756
217,500,300,1343.478272,796.5875244
218,500,300,1343.914307,797.0001831
219,500,300,1344.563355,797.6559448
220,500,300,1345.401123,798.5418701
221,500,300,1346.408447,799.6429443
222,500,300,1347.568237,800.9412231
223,500,300,1348.864502,802.4168091
224,500,300,1350.283081,804.0608521
225,500,300,1351.810181,805.84021
226,500,300,1353.433472,807.7397461
227,500,300,1355.141235,809.7435303
228,500,300,1356.922485,811.835022
229,500,300,1358.767212,813.9992065
230,500,300,1360.666382,816.2217407
231,500,300,1362.610962,818.4899292
232,500,300,1364.592773,820.7930298
233,500,300,1366.604492,823.1217041
234,500,300,1368.640015,825.4675293
235,500,300,1370.692993,827.8230591
236,500,300,1372.75769,830.1818237
237,500,300,1374.829224,832.5385132
238,500,300,1376.902832,834.8884277
239,500,300,1378.974487,837.2270508
240,500,300,1381.040527,839.550354
241,500,300,1383.0979,841.8550415
242,500,300,1385.143555,844.1385498
243,500,300,1193.966065,621.4702148
243.479165,500,300,1107.738648,520.5829468
243.95833,500,300,1042.34436,442.5203552
244,500,300,1036.947632,435.8953857
244.20835,500,300,1012.327942,405.336731
245,500,300,941.4406128,317.5207214
245.5,500,300,903.6085815,400
246,500,300,870.6900635,400
247,500,300,818.6953735,400
248,500,300,776.8095093,400
249,500,300,742.3425903,400
250,500,300,713.8630981,400
251,500,300,690.3210449,400
252,500,300,670.7002564,400
253,500,300,654.2424316,400
254,500,300,640.3816528,400
255,500,300,628.6708374,400
256,500,300,618.7523193,400
257,500,300,610.3343506,400
258,500,300,603.1635132,400
259,500,300,597.0422974,400
260,500,300,591.8083496,400
261,500,300,587.3237915,400
262,500,300,583.477356,400
263,500,300,579.2697144,400
264,500,300,575.2166138,400
265,500,300,571.3770752,400
266,500,300,567.7544556,400
267,500,300,564.3471069,400
268,500,300,561.1311035,400
269,500,300,558.098999,400
270,500,300,555.2404785,400
271,500,300,552.5436401,400
272,500,300,550.0001831,400
273,500,300,547.5999146,400
274,500,300,545.3338623,400
275,500,300,543.1990356,400
276,500,300,541.1871338,400
277,500,300,539.2869873,400
278,500,300,537.4907837,400
279,500,300,535.7961426,400
280,500,300,534.1942139,400
281,500,300,532.6801148,400
282,500,300,531.250061,400
283,500,300,529.8973389,400
284,500,300,528.618042,400
285,500,300,527.4088135,400
286,500,300,526.263916,400
287,500,300,525.1806641,400
288,500,300,524.1560669,400
289,500,300,523.1870728,400
290,500,300,522.2706299,400
291,500,300,521.4052734,400
292,500,300,520.5871582,400
293,500,300,519.8137817,400
294,500,300,519.0839844,400
295,500,300,518.3942261,400
296,500,300,517.7436523,400
297,500,300,517.1288452,400
298,500,300,516.5498047,400
299,500,300,516.0030518,400
300,500,300,515.4876099,400
301,500,300,515.001709,400
302,500,300,514.5440064,400
303,500,300,514.1118774,400
304,500,300,513.7052002,400
305,500,300,513.3221436,400
306,500,300,512.9597778,400
307,500,300,512.6178589,400
308,500,300,512.2956543,400
309,500,300,511.9918823,400
310,500,300,511.7047119,400
311,500,300,511.4347534,400
312,500,300,511.1785889,400
313,500,300,510.9378967,400
314,500,300,510.710907,400
315,500,300,510.4993591,400
316,500,300,510.298645,400
317,500,300,510.1083984,400
318,500,300,509.9290161,400
319,500,300,509.7599487,400
320,500,300,509.6009216,400
321,500,300,509.4503479,400
322,500,300,509.3086548,400
323,500,300,509.1741638,400
324,500,300,509.0463257,400
325,500,300,508.9247437,400
326,500,300,508.8092041,400
327,500,300,508.700531,400
328,500,300,508.5969544,400
329,500,300,508.4986267,400
330,500,300,508.4050903,400
331,500,300,508.3157349,400
332,500,300,508.2292786,400
333,500,300,508.1460266,400
334,500,300,475.376648,400
335,500,300,455.4795837,400
336,500,300,433.6924439,400
337,500,300,450,400
338,500,300,450,400
339,500,300,450,400
340,500,300,450,400
341,500,300,450,400
342,500,300,450,400
343,500,300,450,400
344,500,300,450,400
345,500,300,450,400
346,500,300,450,400
347,500,300,450,400
348,500,300,450,400
349,500,300,450,400
350,500,300,450,400
351,500,300,450,400
352,500,300,450,400
353,500,300,450,400
354,500,300,450,400
355,500,300,450,400
356,500,300,450,400
357,500,300,450,400
358,500,300,450,400
359,500,300,450,400
360,500,300,450,400
361,500,300,450,400
362,500,300,450,400
363,500,300,450,400
364,500,300,450,400
364.95834,500,300,450,400
365,500,300,450,400
365.135179,500,300,450,400
365.56759,500,300,450,400
366,500,300,450,400
367,500,300,450,400
368,500,300,450,400
369,500,300,450,400
370,500,300,450,400
371,500,300,450,400
372,500,300,450,400
373,500,300,450,400
374,500,300,450,400
375,500,300,450,400
376,500,300,450,400
377,500,300,450,400
378,500,300,450,400
379,500,300,450,400
380,500,300,450,400
381,500,300,450,400
382,500,300,450,400
383,500,300,450,400
384,500,300,450,400
385,500,300,450,400
386,500,300,450,400
387,500,300,450,400
388,500,300,450,400
389,500,300,450,400
390,500,300,450,400
391,500,300,450,400
392,500,300,450,400
393,500,300,450,400
394,500,300,450,400
395,500,300,450,400
396,500,300,450,400
397,500,300,450,400
398,500,300,450,400
399,500,300,450,400
400,500,300,450,400
401,500,300,450,400
402,500,300,450,400
403,500,300,450,400
404,500,300,450,400
405,500,300,450,400
406,500,300,450,400
407,500,300,450,400
408,500,300,450,400
409,500,300,450,400
410,500,300,450,400
411,500,300,450,400
412,500,300,450,400
413,500,300,450,400
414,500,300,450,400
415,500,300,450,400
416,500,300,450,400
417,500,300,450,400
418,500,300,450,400
419,500,300,450,400
420,500,300,450,400
421,500,300,450,400
422,500,300,450,400
423,500,300,450,400
424,500,300,450,400
425,500,300,450,400
426,500,300,450,400
427,500,300,450,400
428,500,300,450,400
429,500,300,450,400
430,500,300,450,400
431,500,300,450,400
432,500,300,450,400
433,500,300,450,400
434,500,300,450,400
435,500,300,450,400
436,500,300,450,400
437,500,300,450,400
438,500,300,450,400
439,500,300,450,400
440,500,300,450,400
441,500,300,450,400
442,500,300,450,400
443,500,300,450,400
444,500,300,450,400
445,514.3173218,300,450,400
446,524.795044,300,450,400
447,535.0565796,300,450,400
448,545.1259155,300,450,400
449,554.9638672,300,450,400
450,564.5206909,300,450,400
451,573.7721558,300,450,400
452,582.7034302,300,450,400
453,591.3057861,300,450,400
454,599.5774536,300,450,400
455,607.519104,300,450,400
456,615.1360474,300,450,400
457,622.4352417,300,450,400
458,629.4257202,300,450,400
459,636.1134644,300,450,400
460,642.5104981,300,450,400
461,648.6260986,300,450,400
462,654.4728394,300,450,400
463,660.0623169,300,450,400
464,665.4051514,300,450,400
465,670.5105591,300,450,400
466,675.388855,300,450,400
467,680.0512695,300,450,400
468,684.5076904,300,450,400
469,688.7657471,300,450,400
470,692.8327026,300,450,400
471,696.7190552,300,450,400
472,700.4306641,300,450,400
473,703.9748535,300,450,400
474,707.3601074,300,450,400
475,710.59729,300,450,400
476,713.6890259,300,450,400
477,716.6432495,300,450,400
478,719.4660034,300,450,400
479,722.1658936,300,450,400
480,724.744751,300,450,400
481,727.2078247,300,450,400
482,729.5623779,300,450,400
483,731.8164063,300,450,400
484,733.9717407,300,450,400
485,735.9296265,300,450,400
486,737.8719482,300,450,400
487,739.7990723,300,460.9589844,400
488,741.6491089,300,467.5428467,400
489,743.4460449,300,473.0810547,400
490,745.2022705,300,478.030304,400
491,746.9227905,300,482.4851074,400
492,748.604126,300,486.5215759,400
493,750.2485352,300,490.1953735,400
494,751.8609619,300,493.5514526,400
495,753.4398193,300,496.6240234,400
496,754.9795532,300,499.4428406,400
497,756.4828491,300,502.0323792,400
498,676.8779297,300,503.9356995,400
498.5,627.4904785,300,504.3657532,400
499,577.5948486,300,504.4029541,400
500,482.6859436,300,502.47995,400
501,500,300,498.5898132,400
502,500,300,492.9751587,400
503,500,300,485.8583374,400
503.95834,500,300,478.3679199,400
504,500,300,478.0125427,400
504.2083,500,300,476.2519836,400
505,500,300,469.3390503,400
506,500,300,460.0878601,400
507,500,300,449.8014526,400
508,500,300,450,400
509,500,300,450,400
510,500,300,450,400
511,500,300,450,400
512,500,300,450,400
513,500,300,450,400
514,500,300,450,400
515,500,300,450,400
516,500,300,450,400
517,500,300,450,400
518,500,300,450,400
519,500,300,450,400
520,500,300,450,400
521,500,300,450,400
522,500,300,450,400
523,500,300,450,400
524,500,300,450,400
525,500,300,450,400
526,500,300,450,400
527,500,300,450,400
528,500,300,450,400
529,500,300,450,400
530,500,300,450,400
531,500,300,450,400
532,500,300,450,400
533,500,300,450,400
534,500,300,450,400
535,500,300,450,400
536,500,300,450,400
537,500,300,450,400
538,500,300,450,400
539,500,300,450,400
540,500,300,450,400
541,500,300,450,400
542,500,300,450,400
543,500,300,450,400
544,500,300,450,400
545,500,300,450,400
545.95834,500,300,450,400
547,500,300,450,400
548,500,300,450,400
549,500,300,450,400
550,500,300,450,400
551,500,300,450,400
552,500,300,450,400
553,500,300,450,400
554,500,300,450,400
555,500,300,450,400
556,500,300,450,400
557,500,300,450,400
558,500,300,450,400
559,500,300,450,400
560,500,300,450,400
561,500,300,450,400
562,500,300,450,400
563,500,300,450,400
564,500,300,450,400
565,500,300,450,400
566,500,300,450,400
567,500,300,450,400
568,500,300,450,400
569,500,300,450,400
570,500,300,450,400
571,500,300,450,400
572,500,300,450,400
573,500,300,450,400
574,500,300,450,400
575,500,300,450,400
576,500,300,450,400
577,500,300,450,400
578,500,300,450,400
579,500,300,450,400
580,500,300,450,400
581,500,300,450,400
582,500,300,450,400
583,500,300,450,400
584,500,300,450,400
585,500,300,450,400
586,500,300,450,400
587,500,300,450,400
588,500,300,450,400
589,500,300,450,400
590,500,300,450,400
591,500,300,450,400
592,500,300,450,400
593,500,300,450,400
594,500,300,450,400
595,500,300,450,400
596,500,300,450,400
597,500,300,450,400
598,500,300,450,400
599,500,300,450,400
600,500,300,450,400
601,500,300,450,400
602,500,300,450,400
603,500,300,450,400
604,500,300,450,400
605,500,300,450,400
606,500,300,450,400
607,500,300,450,400
608,500,300,450,400
609,500,300,450,400
610,500,300,450,400
611,500,300,450,400
612,500,300,450,400
613,500,300,450,400
614,500,300,450,400
615,500,300,450,400
616,500,300,450,400
617,500,300,450,400
618,500,300,450,400
619,500,300,450,400
620,500,300,450,400
621,500,300,450,400
622,500,300,450,400
623,500,300,450,400
624,500,300,450,400
625,500,300,450,400
626,500,300,450,400
627,500,300,450,400
628,500,300,450,400
629,500,300,450,400
630,500,300,450,400
631,500,300,450,400
632,500,300,450,400
633,500,300,450,400
634,500,300,450,400
635,500,300,450,400
636,500,300,450,400
637,500,300,450,400
638,500,300,450,400
639,500,300,450,400
640,500,300,450,400
641,500,300,450,400
642,500,300,450,400
643,500,300,450,400
644,500,300,450,400
645,500,300,450,400
646,500,300,450,400
647,500,300,450,400
648,500,300,450,400
649,500,300,450,400
650,500,300,450,400
651,500,300,450,400
652,500,300,450,400
653,500,300,450,400
654,500,300,450,400
655,500,300,450,400
656,500,300,450,400
657,500,300,450,400
658,500,300,450,400
659,500,300,450,400
660,500,300,450,400
661,500,300,450,400
662,500,300,450,400
663,500,300,450,400
664,500,300,450,400
665,500,300,450,400
666,500,300,450,400
667,500,300,450,400
668,500,300,450,400
669,500,300,450,400
670,500,300,450,400
671,500,300,450,400
672,500,300,450,400
673,500,300,450,400
674,500,300,450,400
675,500,300,450,400
676,500,300,450,400
677,500,300,450,400
678,500,300,450,400
679,500,300,450,400
680,500,300,450,400
681,500,300,450,400
682,500,300,450,400
683,500,300,450,400
684,500,300,450,400
685,500,300,450,400
686,500,300,450,400
687,500,300,450,400
688,500,300,450,400
689,500,300,450,400
690,500,300,450,400
691,500,300,450,400
692,500,300,450,400
693,500,300,450,400
694,500,300,450,400
695,500,300,450,400
696,500,300,450,400
697,500,300,450,400
698,500,300,450,400
699,500,300,450,400
700,500,300,450,400
701,500,300,450,400
702,500,300,450,400
703,500,300,450,400
704,500,300,450,400
705,500,300,450,400
706,500,300,450,400
707,500,300,450,400
708,500,300,450,400
709,500,300,450,400
710,500,300,450,400
711,500,300,450,400
712,500,300,450,400
713,500,300,450,400
714,500,300,450,400
715,500,300,450,400
716,500,300,450,400
717,500,300,450,400
718,500,300,450,400
719,500,300,450,400
720,500,300,450,400
721,500,300,450,400
722,500,300,450,400
723,500,300,450,400
724,500,300,450,400
725,500,300,450,400
726,500,300,450,400
727,500,300,450,400
728,500,300,450,400
729,500,300,450,400
730,500,300,450,400
731,500,300,450,400
732,500,300,450,400
733,500,300,450,400
734,500,300,450,400
735,500,300,450,400
736,500,300,450,400
737,500,300,450,400
738,500,300,450,400
739,500,300,450,400
740,500,300,450,400
741,500,300,450,400
742,500,300,450,400
743,500,300,450,400
744,500,300,450,400
745,500,300,450,400
746,500,300,450,400
747,500,300,450,400
748,500,300,450,400
749,500,300,450,400
750,500,300,450,400
751,500,300,450,400
752,500,300,450,400
753,500,300,450,400
754,500,300,450,400
755,500,300,450,400
756,500,300,450,400
757,500,300,489.4457398,400
758,500,300,523.487854,400
759,500,300,552.4561157,400
760,500,300,577.5106812,400
760.95834,500,300,598.5795288,400
761,500,300,599.5089722,400
761.2083,500,300,603.9456787,400
762,500,300,619.1243897,400
763,500,300,636.0585938,400
764,500,300,651.0865479,400
765,500,300,664.4608765,400
766,500,300,676.3936157,400
767,500,300,687.0620117,400
768,500,300,696.616272,400
769,500,300,705.1903076,400
770,500,300,712.8911133,400
771,500,300,719.8306274,400
772,500,300,726.0692749,400
773,500,300,731.6784058,400
774,500,300,736.7194214,400
775,500,300,741.2510376,400
776,500,300,745.3236694,400
777,500,300,748.9830322,400
778,500,300,752.2687378,400
779,500,300,755.2175293,400
780,500,300,757.8622437,400
781,500,300,760.2321167,400
782,500,300,762.3536987,400
783,500,300,764.2521973,400
784,500,300,765.9501953,400
785,500,300,767.4677124,400
786,500,300,768.8229981,400
787,500,300,770.0319214,400
788,500,300,771.1097412,400
789,500,300,772.0698242,400
790,500,300,772.9245606,400
791,500,300,773.6842041,400
792,500,300,774.3588257,400
793,500,300,774.9573364,400
794,500,300,775.4880371,400
795,500,300,775.9575195,400
796,500,300,776.3720093,400
797,500,300,776.7374268,400
798,500,300,777.0591431,400
799,500,300,777.3414307,400
800,500,300,777.5884399,400
801,500,300,777.8040161,400
802,500,300,777.9909058,400
803,500,300,778.1524658,400
804,500,300,778.2910767,400
805,500,300,778.4092407,400
806,500,300,778.5097046,400
807,500,300,778.598877,400
808,500,300,778.6730957,400
809,500,300,778.7337036,400
810,500,300,778.7818604,400
811,500,300,778.8190308,400
812,500,300,778.8459473,400
813,500,300,778.8631592,400
814,500,300,778.8740845,400
815,500,300,778.8768921,400
816,500,300,778.8731079,400
817,500,300,778.8632813,400
818,500,300,778.8477783,400
819,500,300,778.8275147,400
820,500,300,778.8028565,400
821,500,300,778.7741699,400
822,500,300,778.7418823,400
823,500,300,778.7064209,400
824,500,300,778.6677246,400
825,500,300,778.626709,400
826,500,300,778.5825195,400
827,500,300,778.5356445,400
828,500,300,778.486145,400
829,500,300,778.4346924,400
830,500,300,778.3811646,400
831,500,300,778.3258667,400
832,500,300,778.2689209,400
833,500,300,778.2102051,400
834,500,300,778.1499634,400
835,500,300,778.0883179,400
836,500,300,778.0252075,400
837,500,300,777.9608154,400
838,500,300,777.895752,400
839,500,300,777.8299561,400
840,500,300,777.7636108,400
841,500,300,777.6964722,400
842,500,300,777.6288452,400
843,500,300,777.560791,400
844,500,300,777.4923706,400
845,500,300,777.423523,400
846,500,300,777.3544312,400
847,500,300,777.2849731,400
848,500,300,777.2155762,400
849,500,300,777.1452637,400
850,500,300,777.0750732,400
851,500,300,777.0050049,400
852,500,300,776.9351196,400
853,500,300,776.8652954,400
854,500,300,776.7952271,400
855,500,300,776.7254028,400
856,500,300,776.6557007,400
857,500,300,776.5858765,400
858,500,300,776.5157471,400
859,500,300,776.4464111,400
860,500,300,776.3757935,400
861,500,300,776.2842407,400
862,500,300,776.1362305,400
863,500,300,775.9285889,400
864,500,300,775.6645508,400
865,500,300,775.3528442,400
866,500,300,775.0040894,400
867,500,300,774.6278076,400
868,500,300,774.2321777,400
869,500,300,773.8240967,400
870,500,300,773.4092407,400
871,500,300,772.9916382,400
872,500,300,772.5742188,400
873,500,300,772.159729,400
874,500,300,771.7502441,400
875,500,300,771.3479614,400
876,500,300,770.9542236,400
877,500,300,770.5700073,400
878,500,300,770.1954346,400
879,500,300,769.8307495,400
880,500,300,769.4760132,400
881,500,300,769.1309204,400
882,500,300,768.7957153,400
883,500,300,768.4710693,400
884,500,300,768.1567383,400
885,500,300,767.8522949,400
886,500,300,767.557251,400
887,500,300,767.2710571,400
888,500,300,766.9936523,400
889,500,300,766.7246094,400
890,500,300,766.4633789,400
891,500,300,734.2892456,400
892,500,300,706.6967773,400
893,500,300,684.734436,400
894,500,300,666.6416016,400
895,500,300,651.3024902,400
896,500,300,638.0808716,400
897,500,300,626.5578003,400
898,500,300,616.4554443,400
899,500,300,607.5567627,400
900,500,300,599.6938477,400
901,500,300,592.7281494,400
902,500,300,586.5459595,400
903,500,300,581.0487671,400
904,500,300,576.1567383,400
905,500,300,571.7966309,400
906,500,300,567.9075928,400
907,500,300,564.4370117,400
908,500,300,561.3369751,400
909,500,300,558.5675659,400
910,500,300,556.0915527,400
911,500,300,553.8786621,400
912,500,300,551.9007568,400
913,500,300,550.1342163,400
914,500,300,548.5554199,400
915,500,300,547.1478882,400
916,500,300,545.8930054,400
917,500,300,544.7747803,400
918,500,300,543.779541,400
919,500,300,542.8955078,400
920,500,300,542.1108398,400
921,500,300,541.4155884,400
922,500,300,540.8019409,400
923,500,300,540.2609253,400
924,500,300,539.7858887,400
925,500,300,539.3712769,400
926,500,300,539.0111084,400
927,500,300,538.701294,400
928,500,300,538.4387817,400
929,500,300,538.2186279,400
930,500,300,538.0350342,400
931,500,300,537.8843994,400
932,500,300,537.7677002,400
933,500,300,537.6755371,400
934,500,300,537.6047363,400
935,500,300,537.5531006,400
936,500,300,537.519043,400
937,500,300,537.4972534,400
938,500,300,537.4868774,400
939,500,300,537.4838257,400
940,500,300,537.4873047,400
941,500,300,537.4963379,400
942,500,300,537.5109863,400
943,500,300,537.5359497,400
944,500,300,537.5636597,400
945,500,300,537.5961914,400
946,500,300,537.6322022,400
947,500,300,537.6708374,400
948,500,300,537.7122192,400
949,500,300,537.7557983,400
950,500,300,537.8015747,400
951,500,300,537.8510742,400
952,500,300,537.9025269,400
953,500,300,537.9556274,400
954,500,300,538.0104981,400
955,500,300,538.0667114,400
956,500,300,538.125,400
957,500,300,538.1844482,400
958,500,300,538.2490234,400
959,500,300,538.3131714,400
960,500,300,538.3783569,400
961,500,300,538.4442749,400
962,500,300,538.5114136,400
963,500,300,538.5789795,400
964,500,300,538.6466065,400
965,500,300,538.7141113,400
966,500,300,538.7814331,400
967,500,300,538.8488159,400
968,500,300,538.9158936,400
969,500,300,538.9862671,400
970,500,300,539.0657959,400
971,500,300,539.1424561,400
972,500,300,539.2179565,400
973,500,300,539.2924194,400
974,500,300,539.3657837,400
975,500,300,539.4382324,400
976,500,300,539.5100708,400
977,500,300,539.5809326,400
978,500,300,539.6509399,400
979,500,300,539.7201538,400
980,500,300,539.7883911,400
981,500,300,539.8560791,400
982,500,300,539.9230347,400
983,500,300,539.9887085,400
984,500,300,540.0536499,400
985,500,300,540.117981,400
986,500,300,540.1817627,400
987,500,300,540.2452393,400
988,500,300,540.3082275,400
989,500,300,540.3706665,400
990,500,300,540.4326172,400
991,500,300,540.4944458,400
992,500,300,540.5557251,400
993,500,300,540.6168213,400
994,500,300,540.6782837,400
995,500,300,540.7403565,400
996,500,300,540.8027344,400
997,500,300,540.8653565,400
998,500,300,540.9281616,400
999,500,300,540.991333,400
1000,500,300,541.0548706,400
